IssueDateTime,Date,LocationNameHeb,LocationNameEng,Minimum temperature,Maximum temperature,code,HebrewWeatherCode
2026-02-05 16:31,2026-02-05,אילת,Elat,13,,,
2026-02-05 16:31,2026-02-06,אילת,Elat,15,23,1220,מעונן חלקית
2026-02-05 16:31,2026-02-07,אילת,Elat,17,24,1250,בהיר
2026-02-05 16:31,2026-02-08,אילת,Elat,18,24,1220,מעונן חלקית
2026-02-05 16:31,2026-02-09,אילת,Elat,,24,1220,מעונן חלקית
2026-02-05 16:31,2026-02-05,אשדוד,Ashdod,9,,,
2026-02-05 16:31,2026-02-06,אשדוד,Ashdod,13,21,1530,מעונן חלקית;  אפשרות לגשם
2026-02-05 16:31,2026-02-07,אשדוד,Ashdod,13,21,1220,מעונן חלקית
2026-02-05 16:31,2026-02-08,אשדוד,Ashdod,13,24,1220,מעונן חלקית
2026-02-05 16:31,2026-02-09,אשדוד,Ashdod,,20,1230,מעונן
2026-02-05 16:31,2026-02-05,באר שבע,Beer Sheva,8,,,
2026-02-05 16:31,2026-02-06,באר שבע,Beer Sheva,11,23,1530,מעונן חלקית;  אפשרות לגשם
2026-02-05 16:31,2026-02-07,באר שבע,Beer Sheva,11,23,1220,מעונן חלקית
2026-02-05 16:31,2026-02-08,באר שבע,Beer Sheva,11,26,1220,מעונן חלקית
2026-02-05 16:31,2026-02-09,באר שבע,Beer Sheva,,21,1230,מעונן
2026-02-05 16:31,2026-02-05,בית שאן,Bet Shean,10,,,
2026-02-05 16:31,2026-02-06,בית שאן,Bet Shean,13,21,1530,מעונן חלקית;  אפשרות לגשם
2026-02-05 16:31,2026-02-07,בית שאן,Bet Shean,14,23,1230,מעונן
2026-02-05 16:31,2026-02-08,בית שאן,Bet Shean,15,26,1220,מעונן חלקית
2026-02-05 16:31,2026-02-09,בית שאן,Bet Shean,,23,1230,מעונן
2026-02-05 16:31,2026-02-05,חיפה,Haifa,13,,,
2026-02-05 16:31,2026-02-06,חיפה,Haifa,16,20,1530,מעונן חלקית;  אפשרות לגשם
2026-02-05 16:31,2026-02-07,חיפה,Haifa,16,19,1220,מעונן חלקית
2026-02-05 16:31,2026-02-08,חיפה,Haifa,16,21,1220,מעונן חלקית
2026-02-05 16:31,2026-02-09,חיפה,Haifa,,19,1230,מעונן
2026-02-05 16:31,2026-02-05,טבריה,Tiberias,10,,,
2026-02-05 16:31,2026-02-06,טבריה,Tiberias,12,18,1530,מעונן חלקית;  אפשרות לגשם
2026-02-05 16:31,2026-02-07,טבריה,Tiberias,13,20,1530,מעונן חלקית;  אפשרות לגשם
2026-02-05 16:31,2026-02-08,טבריה,Tiberias,14,23,1220,מעונן חלקית
2026-02-05 16:31,2026-02-09,טבריה,Tiberias,,20,1230,מעונן
2026-02-05 16:31,2026-02-05,ירושלים,Jerusalem,8,,,
2026-02-05 16:31,2026-02-06,ירושלים,Jerusalem,11,19,1230,מעונן
2026-02-05 16:31,2026-02-07,ירושלים,Jerusalem,10,18,1220,מעונן חלקית
2026-02-05 16:31,2026-02-08,ירושלים,Jerusalem,11,20,1250,בהיר
2026-02-05 16:31,2026-02-09,ירושלים,Jerusalem,,16,1230,מעונן
2026-02-05 16:31,2026-02-05,לוד,Lod,9,,,
2026-02-05 16:31,2026-02-06,לוד,Lod,13,21,1530,מעונן חלקית;  אפשרות לגשם
2026-02-05 16:31,2026-02-07,לוד,Lod,13,21,1220,מעונן חלקית
2026-02-05 16:31,2026-02-08,לוד,Lod,13,24,1220,מעונן חלקית
2026-02-05 16:31,2026-02-09,לוד,Lod,,20,1230,מעונן
2026-02-05 16:31,2026-02-05,מצפה רמון,Mizpe Ramon,9,,,
2026-02-05 16:31,2026-02-06,מצפה רמון,Mizpe Ramon,13,21,1220,מעונן חלקית
2026-02-05 16:31,2026-02-07,מצפה רמון,Mizpe Ramon,13,22,1220,מעונן חלקית
2026-02-05 16:31,2026-02-08,מצפה רמון,Mizpe Ramon,14,24,1250,בהיר
2026-02-05 16:31,2026-02-09,מצפה רמון,Mizpe Ramon,,21,1230,מעונן
2026-02-05 16:31,2026-02-05,נצרת,Nazareth,11,,,
2026-02-05 16:31,2026-02-06,נצרת,Nazareth,13,17,1530,מעונן חלקית;  אפשרות לגשם
2026-02-05 16:31,2026-02-07,נצרת,Nazareth,14,19,1220,מעונן חלקית
2026-02-05 16:31,2026-02-08,נצרת,Nazareth,14,21,1220,מעונן חלקית
2026-02-05 16:31,2026-02-09,נצרת,Nazareth,,19,1230,מעונן
2026-02-05 16:31,2026-02-05,עין גדי,En Gedi,16,,,
2026-02-05 16:31,2026-02-06,עין גדי,En Gedi,16,23,1530,מעונן חלקית;  אפשרות לגשם
2026-02-05 16:31,2026-02-07,עין גדי,En Gedi,20,28,1220,מעונן חלקית
2026-02-05 16:31,2026-02-08,עין גדי,En Gedi,21,30,1220,מעונן חלקית
2026-02-05 16:31,2026-02-09,עין גדי,En Gedi,,24,1230,מעונן
2026-02-05 16:31,2026-02-05,עפולה,Afula,8,,,
2026-02-05 16:31,2026-02-06,עפולה,Afula,11,19,1530,מעונן חלקית;  אפשרות לגשם
2026-02-05 16:31,2026-02-07,עפולה,Afula,12,21,1220,מעונן חלקית
2026-02-05 16:31,2026-02-08,עפולה,Afula,13,23,1220,מעונן חלקית
2026-02-05 16:31,2026-02-09,עפולה,Afula,,21,1230,מעונן
2026-02-05 16:31,2026-02-05,צפת,Zefat,9,,,
2026-02-05 16:31,2026-02-06,צפת,Zefat,10,14,1530,מעונן חלקית;  אפשרות לגשם
2026-02-05 16:31,2026-02-07,צפת,Zefat,11,14,1530,מעונן חלקית;  אפשרות לגשם
2026-02-05 16:31,2026-02-08,צפת,Zefat,11,17,1220,מעונן חלקית
2026-02-05 16:31,2026-02-09,צפת,Zefat,,15,1220,מעונן חלקית
2026-02-05 16:31,2026-02-05,קצרין,Qazrin,9,,,
2026-02-05 16:31,2026-02-06,קצרין,Qazrin,12,17,1530,מעונן חלקית;  אפשרות לגשם
2026-02-05 16:31,2026-02-07,קצרין,Qazrin,11,17,1530,מעונן חלקית;  אפשרות לגשם
2026-02-05 16:31,2026-02-08,קצרין,Qazrin,13,20,1220,מעונן חלקית
2026-02-05 16:31,2026-02-09,קצרין,Qazrin,,18,1220,מעונן חלקית
2026-02-05 16:31,2026-02-05,תל אביב - יפו,Tel Aviv - Yafo,10,,,
2026-02-05 16:31,2026-02-06,תל אביב - יפו,Tel Aviv - Yafo,13,22,1530,מעונן חלקית;  אפשרות לגשם
2026-02-05 16:31,2026-02-07,תל אביב - יפו,Tel Aviv - Yafo,14,20,1220,מעונן חלקית
2026-02-05 16:31,2026-02-08,תל אביב - יפו,Tel Aviv - Yafo,13,23,1220,מעונן חלקית
2026-02-05 16:31,2026-02-09,תל אביב - יפו,Tel Aviv - Yafo,,20,1230,מעונן
2026-02-06 04:25,2026-02-06,אילת,Elat,19,26,1230,מעונן
2026-02-06 04:25,2026-02-07,אילת,Elat,22,26,1250,בהיר
2026-02-06 04:25,2026-02-08,אילת,Elat,22,27,1220,מעונן חלקית
2026-02-06 04:25,2026-02-09,אילת,Elat,22,27,1230,מעונן
2026-02-06 04:25,2026-02-06,אשדוד,Ashdod,13,22,1230,מעונן
2026-02-06 04:25,2026-02-07,אשדוד,Ashdod,13,22,1220,מעונן חלקית
2026-02-06 04:25,2026-02-08,אשדוד,Ashdod,14,24,1220,מעונן חלקית
2026-02-06 04:25,2026-02-09,אשדוד,Ashdod,15,21,1230,מעונן
2026-02-06 04:25,2026-02-06,באר שבע,Beer Sheva,11,22,1230,מעונן
2026-02-06 04:25,2026-02-07,באר שבע,Beer Sheva,13,23,1250,בהיר
2026-02-06 04:25,2026-02-08,באר שבע,Beer Sheva,11,26,1220,מעונן חלקית
2026-02-06 04:25,2026-02-09,באר שבע,Beer Sheva,14,21,1230,מעונן
2026-02-06 04:25,2026-02-06,בית שאן,Bet Shean,13,21,1530,מעונן חלקית;  אפשרות לגשם
2026-02-06 04:25,2026-02-07,בית שאן,Bet Shean,14,24,1220,מעונן חלקית
2026-02-06 04:25,2026-02-08,בית שאן,Bet Shean,15,26,1220,מעונן חלקית
2026-02-06 04:25,2026-02-09,בית שאן,Bet Shean,15,24,1230,מעונן
2026-02-06 04:25,2026-02-06,חיפה,Haifa,16,20,1530,מעונן חלקית;  אפשרות לגשם
2026-02-06 04:25,2026-02-07,חיפה,Haifa,16,20,1220,מעונן חלקית
2026-02-06 04:25,2026-02-08,חיפה,Haifa,15,21,1220,מעונן חלקית
2026-02-06 04:25,2026-02-09,חיפה,Haifa,16,19,1230,מעונן
2026-02-06 04:25,2026-02-06,טבריה,Tiberias,13,19,1530,מעונן חלקית;  אפשרות לגשם
2026-02-06 04:25,2026-02-07,טבריה,Tiberias,14,21,1220,מעונן חלקית
2026-02-06 04:25,2026-02-08,טבריה,Tiberias,15,23,1220,מעונן חלקית
2026-02-06 04:25,2026-02-09,טבריה,Tiberias,14,20,1230,מעונן
2026-02-06 04:25,2026-02-06,ירושלים,Jerusalem,12,18,1230,מעונן
2026-02-06 04:25,2026-02-07,ירושלים,Jerusalem,10,18,1250,בהיר
2026-02-06 04:25,2026-02-08,ירושלים,Jerusalem,11,20,1250,בהיר
2026-02-06 04:25,2026-02-09,ירושלים,Jerusalem,12,17,1230,מעונן
2026-02-06 04:25,2026-02-06,לוד,Lod,13,22,1530,מעונן חלקית;  אפשרות לגשם
2026-02-06 04:25,2026-02-07,לוד,Lod,14,22,1220,מעונן חלקית
2026-02-06 04:25,2026-02-08,לוד,Lod,14,24,1250,בהיר
2026-02-06 04:25,2026-02-09,לוד,Lod,15,21,1230,מעונן
2026-02-06 04:25,2026-02-06,מצפה רמון,Mizpe Ramon,14,21,1230,מעונן
2026-02-06 04:25,2026-02-07,מצפה רמון,Mizpe Ramon,13,22,1250,בהיר
2026-02-06 04:25,2026-02-08,מצפה רמון,Mizpe Ramon,14,25,1250,בהיר
2026-02-06 04:25,2026-02-09,מצפה רמון,Mizpe Ramon,13,22,1230,מעונן
2026-02-06 04:25,2026-02-06,נצרת,Nazareth,14,18,1530,מעונן חלקית;  אפשרות לגשם
2026-02-06 04:25,2026-02-07,נצרת,Nazareth,14,19,1220,מעונן חלקית
2026-02-06 04:25,2026-02-08,נצרת,Nazareth,15,21,1220,מעונן חלקית
2026-02-06 04:25,2026-02-09,נצרת,Nazareth,14,19,1230,מעונן
2026-02-06 04:25,2026-02-06,עין גדי,En Gedi,18,24,1230,מעונן
2026-02-06 04:25,2026-02-07,עין גדי,En Gedi,20,28,1220,מעונן חלקית
2026-02-06 04:25,2026-02-08,עין גדי,En Gedi,21,30,1250,בהיר
2026-02-06 04:25,2026-02-09,עין גדי,En Gedi,20,24,1230,מעונן
2026-02-06 04:25,2026-02-06,עפולה,Afula,11,19,1530,מעונן חלקית;  אפשרות לגשם
2026-02-06 04:25,2026-02-07,עפולה,Afula,12,21,1220,מעונן חלקית
2026-02-06 04:25,2026-02-08,עפולה,Afula,13,23,1220,מעונן חלקית
2026-02-06 04:25,2026-02-09,עפולה,Afula,13,21,1230,מעונן
2026-02-06 04:25,2026-02-06,צפת,Zefat,10,14,1530,מעונן חלקית;  אפשרות לגשם
2026-02-06 04:25,2026-02-07,צפת,Zefat,11,15,1530,מעונן חלקית;  אפשרות לגשם
2026-02-06 04:25,2026-02-08,צפת,Zefat,11,17,1220,מעונן חלקית
2026-02-06 04:25,2026-02-09,צפת,Zefat,11,15,1230,מעונן
2026-02-06 04:25,2026-02-06,קצרין,Qazrin,13,17,1530,מעונן חלקית;  אפשרות לגשם
2026-02-06 04:25,2026-02-07,קצרין,Qazrin,12,18,1220,מעונן חלקית
2026-02-06 04:25,2026-02-08,קצרין,Qazrin,13,21,1220,מעונן חלקית
2026-02-06 04:25,2026-02-09,קצרין,Qazrin,11,19,1230,מעונן
2026-02-06 04:25,2026-02-06,תל אביב - יפו,Tel Aviv - Yafo,13,22,1230,מעונן
2026-02-06 04:25,2026-02-07,תל אביב - יפו,Tel Aviv - Yafo,14,21,1220,מעונן חלקית
2026-02-06 04:25,2026-02-08,תל אביב - יפו,Tel Aviv - Yafo,14,23,1220,מעונן חלקית
2026-02-06 04:25,2026-02-09,תל אביב - יפו,Tel Aviv - Yafo,15,21,1230,מעונן
2026-02-06 17:18,2026-02-06,אילת,Elat,19,,,
2026-02-06 17:18,2026-02-07,אילת,Elat,17,23,1220,מעונן חלקית
2026-02-06 17:18,2026-02-08,אילת,Elat,18,23,1220,מעונן חלקית
2026-02-06 17:18,2026-02-09,אילת,Elat,19,23,1230,מעונן
2026-02-06 17:18,2026-02-10,אילת,Elat,,23,1230,מעונן
2026-02-06 17:18,2026-02-06,אשדוד,Ashdod,13,,,
2026-02-06 17:18,2026-02-07,אשדוד,Ashdod,13,21,1220,מעונן חלקית
2026-02-06 17:18,2026-02-08,אשדוד,Ashdod,13,26,1220,מעונן חלקית
2026-02-06 17:18,2026-02-09,אשדוד,Ashdod,15,22,1230,מעונן
2026-02-06 17:18,2026-02-10,אשדוד,Ashdod,,27,1220,מעונן חלקית
2026-02-06 17:18,2026-02-06,באר שבע,Beer Sheva,11,,,
2026-02-06 17:18,2026-02-07,באר שבע,Beer Sheva,11,22,1220,מעונן חלקית
2026-02-06 17:18,2026-02-08,באר שבע,Beer Sheva,11,27,1220,מעונן חלקית
2026-02-06 17:18,2026-02-09,באר שבע,Beer Sheva,11,24,1230,מעונן
2026-02-06 17:18,2026-02-10,באר שבע,Beer Sheva,,30,1220,מעונן חלקית
2026-02-06 17:18,2026-02-06,בית שאן,Bet Shean,13,,,
2026-02-06 17:18,2026-02-07,בית שאן,Bet Shean,15,24,1220,מעונן חלקית
2026-02-06 17:18,2026-02-08,בית שאן,Bet Shean,15,27,1220,מעונן חלקית
2026-02-06 17:18,2026-02-09,בית שאן,Bet Shean,15,24,1230,מעונן
2026-02-06 17:18,2026-02-10,בית שאן,Bet Shean,,28,1530,מעונן חלקית;  אפשרות לגשם
2026-02-06 17:18,2026-02-06,חיפה,Haifa,16,,,
2026-02-06 17:18,2026-02-07,חיפה,Haifa,16,20,1220,מעונן חלקית
2026-02-06 17:18,2026-02-08,חיפה,Haifa,16,21,1230,מעונן
2026-02-06 17:18,2026-02-09,חיפה,Haifa,16,20,1230,מעונן
2026-02-06 17:18,2026-02-10,חיפה,Haifa,,24,1230,מעונן
2026-02-06 17:18,2026-02-06,טבריה,Tiberias,13,,,
2026-02-06 17:18,2026-02-07,טבריה,Tiberias,14,21,1220,מעונן חלקית
2026-02-06 17:18,2026-02-08,טבריה,Tiberias,14,24,1220,מעונן חלקית
2026-02-06 17:18,2026-02-09,טבריה,Tiberias,14,22,1230,מעונן
2026-02-06 17:18,2026-02-10,טבריה,Tiberias,,25,1530,מעונן חלקית;  אפשרות לגשם
2026-02-06 17:18,2026-02-06,ירושלים,Jerusalem,12,,,
2026-02-06 17:18,2026-02-07,ירושלים,Jerusalem,10,17,1220,מעונן חלקית
2026-02-06 17:18,2026-02-08,ירושלים,Jerusalem,11,21,1230,מעונן
2026-02-06 17:18,2026-02-09,ירושלים,Jerusalem,11,19,1230,מעונן
2026-02-06 17:18,2026-02-10,ירושלים,Jerusalem,,25,1310,חם
2026-02-06 17:18,2026-02-06,לוד,Lod,13,,,
2026-02-06 17:18,2026-02-07,לוד,Lod,13,21,1250,בהיר
2026-02-06 17:18,2026-02-08,לוד,Lod,13,25,1220,מעונן חלקית
2026-02-06 17:18,2026-02-09,לוד,Lod,15,22,1230,מעונן
2026-02-06 17:18,2026-02-10,לוד,Lod,,27,1220,מעונן חלקית
2026-02-06 17:18,2026-02-06,מצפה רמון,Mizpe Ramon,14,,,
2026-02-06 17:18,2026-02-07,מצפה רמון,Mizpe Ramon,13,21,1250,בהיר
2026-02-06 17:18,2026-02-08,מצפה רמון,Mizpe Ramon,14,25,1250,בהיר
2026-02-06 17:18,2026-02-09,מצפה רמון,Mizpe Ramon,15,24,1230,מעונן
2026-02-06 17:18,2026-02-10,מצפה רמון,Mizpe Ramon,,27,1230,מעונן
2026-02-06 17:18,2026-02-06,נצרת,Nazareth,14,,,
2026-02-06 17:18,2026-02-07,נצרת,Nazareth,14,19,1220,מעונן חלקית
2026-02-06 17:18,2026-02-08,נצרת,Nazareth,14,22,1220,מעונן חלקית
2026-02-06 17:18,2026-02-09,נצרת,Nazareth,14,20,1230,מעונן
2026-02-06 17:18,2026-02-10,נצרת,Nazareth,,24,1230,מעונן
2026-02-06 17:18,2026-02-06,עין גדי,En Gedi,18,,,
2026-02-06 17:18,2026-02-07,עין גדי,En Gedi,19,27,1220,מעונן חלקית
2026-02-06 17:18,2026-02-08,עין גדי,En Gedi,21,31,1250,בהיר
2026-02-06 17:18,2026-02-09,עין גדי,En Gedi,20,25,1230,מעונן
2026-02-06 17:18,2026-02-10,עין גדי,En Gedi,,34,1250,בהיר
2026-02-06 17:18,2026-02-06,עפולה,Afula,11,,,
2026-02-06 17:18,2026-02-07,עפולה,Afula,12,21,1220,מעונן חלקית
2026-02-06 17:18,2026-02-08,עפולה,Afula,12,24,1220,מעונן חלקית
2026-02-06 17:18,2026-02-09,עפולה,Afula,13,22,1230,מעונן
2026-02-06 17:18,2026-02-10,עפולה,Afula,,26,1220,מעונן חלקית
2026-02-06 17:18,2026-02-06,צפת,Zefat,10,,,
2026-02-06 17:18,2026-02-07,צפת,Zefat,11,15,1530,מעונן חלקית;  אפשרות לגשם
2026-02-06 17:18,2026-02-08,צפת,Zefat,11,17,1220,מעונן חלקית
2026-02-06 17:18,2026-02-09,צפת,Zefat,11,16,1230,מעונן
2026-02-06 17:18,2026-02-10,צפת,Zefat,,19,1230,מעונן
2026-02-06 17:18,2026-02-06,קצרין,Qazrin,13,,,
2026-02-06 17:18,2026-02-07,קצרין,Qazrin,12,17,1530,מעונן חלקית;  אפשרות לגשם
2026-02-06 17:18,2026-02-08,קצרין,Qazrin,12,20,1220,מעונן חלקית
2026-02-06 17:18,2026-02-09,קצרין,Qazrin,12,19,1230,מעונן
2026-02-06 17:18,2026-02-10,קצרין,Qazrin,,22,1530,מעונן חלקית;  אפשרות לגשם
2026-02-06 17:18,2026-02-06,תל אביב - יפו,Tel Aviv - Yafo,13,,,
2026-02-06 17:18,2026-02-07,תל אביב - יפו,Tel Aviv - Yafo,13,20,1220,מעונן חלקית
2026-02-06 17:18,2026-02-08,תל אביב - יפו,Tel Aviv - Yafo,13,24,1220,מעונן חלקית
2026-02-06 17:18,2026-02-09,תל אביב - יפו,Tel Aviv - Yafo,15,21,1230,מעונן
2026-02-06 17:18,2026-02-10,תל אביב - יפו,Tel Aviv - Yafo,,26,1220,מעונן חלקית
2026-02-07 04:58,2026-02-07,אילת,Elat,20,28,1220,מעונן חלקית
2026-02-07 04:58,2026-02-08,אילת,Elat,20,26,1220,מעונן חלקית
2026-02-07 04:58,2026-02-09,אילת,Elat,23,27,1220,מעונן חלקית
2026-02-07 04:58,2026-02-10,אילת,Elat,24,27,1220,מעונן חלקית
2026-02-07 04:58,2026-02-07,אשדוד,Ashdod,13,21,1220,מעונן חלקית
2026-02-07 04:58,2026-02-08,אשדוד,Ashdod,13,26,1220,מעונן חלקית
2026-02-07 04:58,2026-02-09,אשדוד,Ashdod,14,23,1230,מעונן
2026-02-07 04:58,2026-02-10,אשדוד,Ashdod,16,24,1220,מעונן חלקית
2026-02-07 04:58,2026-02-07,באר שבע,Beer Sheva,13,22,1220,מעונן חלקית
2026-02-07 04:58,2026-02-08,באר שבע,Beer Sheva,11,27,1220,מעונן חלקית
2026-02-07 04:58,2026-02-09,באר שבע,Beer Sheva,11,25,1230,מעונן
2026-02-07 04:58,2026-02-10,באר שבע,Beer Sheva,14,27,1220,מעונן חלקית
2026-02-07 04:58,2026-02-07,בית שאן,Bet Shean,15,24,1220,מעונן חלקית
2026-02-07 04:58,2026-02-08,בית שאן,Bet Shean,14,27,1220,מעונן חלקית
2026-02-07 04:58,2026-02-09,בית שאן,Bet Shean,15,25,1230,מעונן
2026-02-07 04:58,2026-02-10,בית שאן,Bet Shean,16,28,1220,מעונן חלקית
2026-02-07 04:58,2026-02-07,חיפה,Haifa,16,19,1220,מעונן חלקית
2026-02-07 04:58,2026-02-08,חיפה,Haifa,16,22,1220,מעונן חלקית
2026-02-07 04:58,2026-02-09,חיפה,Haifa,17,21,1230,מעונן
2026-02-07 04:58,2026-02-10,חיפה,Haifa,16,22,1220,מעונן חלקית
2026-02-07 04:58,2026-02-07,טבריה,Tiberias,14,21,1220,מעונן חלקית
2026-02-07 04:58,2026-02-08,טבריה,Tiberias,14,24,1220,מעונן חלקית
2026-02-07 04:58,2026-02-09,טבריה,Tiberias,15,23,1230,מעונן
2026-02-07 04:58,2026-02-10,טבריה,Tiberias,16,25,1220,מעונן חלקית
2026-02-07 04:58,2026-02-07,ירושלים,Jerusalem,10,17,1220,מעונן חלקית
2026-02-07 04:58,2026-02-08,ירושלים,Jerusalem,11,21,1220,מעונן חלקית
2026-02-07 04:58,2026-02-09,ירושלים,Jerusalem,11,20,1230,מעונן
2026-02-07 04:58,2026-02-10,ירושלים,Jerusalem,13,22,1220,מעונן חלקית
2026-02-07 04:58,2026-02-07,לוד,Lod,14,21,1220,מעונן חלקית
2026-02-07 04:58,2026-02-08,לוד,Lod,14,25,1220,מעונן חלקית
2026-02-07 04:58,2026-02-09,לוד,Lod,15,23,1230,מעונן
2026-02-07 04:58,2026-02-10,לוד,Lod,16,24,1220,מעונן חלקית
2026-02-07 04:58,2026-02-07,מצפה רמון,Mizpe Ramon,13,21,1220,מעונן חלקית
2026-02-07 04:58,2026-02-08,מצפה רמון,Mizpe Ramon,14,24,1220,מעונן חלקית
2026-02-07 04:58,2026-02-09,מצפה רמון,Mizpe Ramon,17,25,1230,מעונן
2026-02-07 04:58,2026-02-10,מצפה רמון,Mizpe Ramon,17,26,1220,מעונן חלקית
2026-02-07 04:58,2026-02-07,נצרת,Nazareth,14,19,1220,מעונן חלקית
2026-02-07 04:58,2026-02-08,נצרת,Nazareth,14,22,1220,מעונן חלקית
2026-02-07 04:58,2026-02-09,נצרת,Nazareth,15,21,1230,מעונן
2026-02-07 04:58,2026-02-10,נצרת,Nazareth,16,22,1220,מעונן חלקית
2026-02-07 04:58,2026-02-07,עין גדי,En Gedi,20,27,1220,מעונן חלקית
2026-02-07 04:58,2026-02-08,עין גדי,En Gedi,22,31,1220,מעונן חלקית
2026-02-07 04:58,2026-02-09,עין גדי,En Gedi,22,29,1230,מעונן
2026-02-07 04:58,2026-02-10,עין גדי,En Gedi,23,32,1220,מעונן חלקית
2026-02-07 04:58,2026-02-07,עפולה,Afula,12,21,1220,מעונן חלקית
2026-02-07 04:58,2026-02-08,עפולה,Afula,12,24,1220,מעונן חלקית
2026-02-07 04:58,2026-02-09,עפולה,Afula,12,23,1230,מעונן
2026-02-07 04:58,2026-02-10,עפולה,Afula,14,25,1220,מעונן חלקית
2026-02-07 04:58,2026-02-07,צפת,Zefat,11,15,1220,מעונן חלקית
2026-02-07 04:58,2026-02-08,צפת,Zefat,12,17,1220,מעונן חלקית
2026-02-07 04:58,2026-02-09,צפת,Zefat,12,17,1230,מעונן
2026-02-07 04:58,2026-02-10,צפת,Zefat,13,18,1220,מעונן חלקית
2026-02-07 04:58,2026-02-07,קצרין,Qazrin,13,18,1220,מעונן חלקית
2026-02-07 04:58,2026-02-08,קצרין,Qazrin,13,20,1220,מעונן חלקית
2026-02-07 04:58,2026-02-09,קצרין,Qazrin,13,20,1230,מעונן
2026-02-07 04:58,2026-02-10,קצרין,Qazrin,15,22,1220,מעונן חלקית
2026-02-07 04:58,2026-02-07,תל אביב - יפו,Tel Aviv - Yafo,14,20,1220,מעונן חלקית
2026-02-07 04:58,2026-02-08,תל אביב - יפו,Tel Aviv - Yafo,14,25,1220,מעונן חלקית
2026-02-07 04:58,2026-02-09,תל אביב - יפו,Tel Aviv - Yafo,15,22,1230,מעונן
2026-02-07 04:58,2026-02-10,תל אביב - יפו,Tel Aviv - Yafo,16,23,1220,מעונן חלקית
2026-02-07 16:40,2026-02-07,אילת,Elat,20,,,
2026-02-07 16:40,2026-02-08,אילת,Elat,17,23,1220,מעונן חלקית
2026-02-07 16:40,2026-02-09,אילת,Elat,18,24,1220,מעונן חלקית
2026-02-07 16:40,2026-02-10,אילת,Elat,18,23,1220,מעונן חלקית
2026-02-07 16:40,2026-02-11,אילת,Elat,,25,1220,מעונן חלקית
2026-02-07 16:40,2026-02-07,אשדוד,Ashdod,13,,,
2026-02-07 16:40,2026-02-08,אשדוד,Ashdod,13,25,1220,מעונן חלקית
2026-02-07 16:40,2026-02-09,אשדוד,Ashdod,13,22,1230,מעונן
2026-02-07 16:40,2026-02-10,אשדוד,Ashdod,16,22,1220,מעונן חלקית
2026-02-07 16:40,2026-02-11,אשדוד,Ashdod,,21,1220,מעונן חלקית
2026-02-07 16:40,2026-02-07,באר שבע,Beer Sheva,13,,,
2026-02-07 16:40,2026-02-08,באר שבע,Beer Sheva,10,26,1220,מעונן חלקית
2026-02-07 16:40,2026-02-09,באר שבע,Beer Sheva,11,25,1230,מעונן
2026-02-07 16:40,2026-02-10,באר שבע,Beer Sheva,14,24,1220,מעונן חלקית
2026-02-07 16:40,2026-02-11,באר שבע,Beer Sheva,,22,1220,מעונן חלקית
2026-02-07 16:40,2026-02-07,בית שאן,Bet Shean,15,,,
2026-02-07 16:40,2026-02-08,בית שאן,Bet Shean,14,27,1220,מעונן חלקית
2026-02-07 16:40,2026-02-09,בית שאן,Bet Shean,14,24,1230,מעונן
2026-02-07 16:40,2026-02-10,בית שאן,Bet Shean,16,26,1220,מעונן חלקית
2026-02-07 16:40,2026-02-11,בית שאן,Bet Shean,,24,1530,מעונן חלקית;  אפשרות לגשם
2026-02-07 16:40,2026-02-07,חיפה,Haifa,16,,,
2026-02-07 16:40,2026-02-08,חיפה,Haifa,16,22,1220,מעונן חלקית
2026-02-07 16:40,2026-02-09,חיפה,Haifa,16,20,1230,מעונן
2026-02-07 16:40,2026-02-10,חיפה,Haifa,16,21,1530,מעונן חלקית;  אפשרות לגשם
2026-02-07 16:40,2026-02-11,חיפה,Haifa,,20,1540,מעונן;  אפשרות לגשם
2026-02-07 16:40,2026-02-07,טבריה,Tiberias,14,,,
2026-02-07 16:40,2026-02-08,טבריה,Tiberias,13,24,1220,מעונן חלקית
2026-02-07 16:40,2026-02-09,טבריה,Tiberias,13,21,1230,מעונן
2026-02-07 16:40,2026-02-10,טבריה,Tiberias,15,23,1530,מעונן חלקית;  אפשרות לגשם
2026-02-07 16:40,2026-02-11,טבריה,Tiberias,,21,1540,מעונן;  אפשרות לגשם
2026-02-07 16:40,2026-02-07,ירושלים,Jerusalem,10,,,
2026-02-07 16:40,2026-02-08,ירושלים,Jerusalem,10,21,1220,מעונן חלקית
2026-02-07 16:40,2026-02-09,ירושלים,Jerusalem,11,20,1230,מעונן
2026-02-07 16:40,2026-02-10,ירושלים,Jerusalem,12,20,1220,מעונן חלקית
2026-02-07 16:40,2026-02-11,ירושלים,Jerusalem,,18,1220,מעונן חלקית
2026-02-07 16:40,2026-02-07,לוד,Lod,14,,,
2026-02-07 16:40,2026-02-08,לוד,Lod,13,24,1220,מעונן חלקית
2026-02-07 16:40,2026-02-09,לוד,Lod,13,23,1230,מעונן
2026-02-07 16:40,2026-02-10,לוד,Lod,16,22,1220,מעונן חלקית
2026-02-07 16:40,2026-02-11,לוד,Lod,,22,1220,מעונן חלקית
2026-02-07 16:40,2026-02-07,מצפה רמון,Mizpe Ramon,13,,,
2026-02-07 16:40,2026-02-08,מצפה רמון,Mizpe Ramon,14,24,1220,מעונן חלקית
2026-02-07 16:40,2026-02-09,מצפה רמון,Mizpe Ramon,16,25,1230,מעונן
2026-02-07 16:40,2026-02-10,מצפה רמון,Mizpe Ramon,16,23,1220,מעונן חלקית
2026-02-07 16:40,2026-02-11,מצפה רמון,Mizpe Ramon,,21,1250,בהיר
2026-02-07 16:40,2026-02-07,נצרת,Nazareth,14,,,
2026-02-07 16:40,2026-02-08,נצרת,Nazareth,14,22,1220,מעונן חלקית
2026-02-07 16:40,2026-02-09,נצרת,Nazareth,14,21,1230,מעונן
2026-02-07 16:40,2026-02-10,נצרת,Nazareth,15,21,1530,מעונן חלקית;  אפשרות לגשם
2026-02-07 16:40,2026-02-11,נצרת,Nazareth,,20,1540,מעונן;  אפשרות לגשם
2026-02-07 16:40,2026-02-07,עין גדי,En Gedi,20,,,
2026-02-07 16:40,2026-02-08,עין גדי,En Gedi,21,30,1250,בהיר
2026-02-07 16:40,2026-02-09,עין גדי,En Gedi,20,26,1230,מעונן
2026-02-07 16:40,2026-02-10,עין גדי,En Gedi,20,29,1230,מעונן
2026-02-07 16:40,2026-02-11,עין גדי,En Gedi,,26,1220,מעונן חלקית
2026-02-07 16:40,2026-02-07,עפולה,Afula,12,,,
2026-02-07 16:40,2026-02-08,עפולה,Afula,12,24,1220,מעונן חלקית
2026-02-07 16:40,2026-02-09,עפולה,Afula,12,23,1230,מעונן
2026-02-07 16:40,2026-02-10,עפולה,Afula,14,23,1530,מעונן חלקית;  אפשרות לגשם
2026-02-07 16:40,2026-02-11,עפולה,Afula,,22,1540,מעונן;  אפשרות לגשם
2026-02-07 16:40,2026-02-07,צפת,Zefat,11,,,
2026-02-07 16:40,2026-02-08,צפת,Zefat,11,17,1220,מעונן חלקית
2026-02-07 16:40,2026-02-09,צפת,Zefat,11,17,1230,מעונן
2026-02-07 16:40,2026-02-10,צפת,Zefat,12,17,1530,מעונן חלקית;  אפשרות לגשם
2026-02-07 16:40,2026-02-11,צפת,Zefat,,15,1540,מעונן;  אפשרות לגשם
2026-02-07 16:40,2026-02-07,קצרין,Qazrin,13,,,
2026-02-07 16:40,2026-02-08,קצרין,Qazrin,12,20,1220,מעונן חלקית
2026-02-07 16:40,2026-02-09,קצרין,Qazrin,12,20,1230,מעונן
2026-02-07 16:40,2026-02-10,קצרין,Qazrin,14,21,1530,מעונן חלקית;  אפשרות לגשם
2026-02-07 16:40,2026-02-11,קצרין,Qazrin,,19,1540,מעונן;  אפשרות לגשם
2026-02-07 16:40,2026-02-07,תל אביב - יפו,Tel Aviv - Yafo,14,,,
2026-02-07 16:40,2026-02-08,תל אביב - יפו,Tel Aviv - Yafo,14,24,1220,מעונן חלקית
2026-02-07 16:40,2026-02-09,תל אביב - יפו,Tel Aviv - Yafo,14,21,1230,מעונן
2026-02-07 16:40,2026-02-10,תל אביב - יפו,Tel Aviv - Yafo,17,22,1220,מעונן חלקית
2026-02-07 16:40,2026-02-11,תל אביב - יפו,Tel Aviv - Yafo,,21,1220,מעונן חלקית
2026-02-08 04:04,2026-02-08,אילת,Elat,21,27,1220,מעונן חלקית
2026-02-08 04:04,2026-02-09,אילת,Elat,23,27,1220,מעונן חלקית
2026-02-08 04:04,2026-02-10,אילת,Elat,22,27,1230,מעונן
2026-02-08 04:04,2026-02-11,אילת,Elat,19,27,1220,מעונן חלקית
2026-02-08 04:04,2026-02-08,אשדוד,Ashdod,13,25,1220,מעונן חלקית
2026-02-08 04:04,2026-02-09,אשדוד,Ashdod,14,23,1230,מעונן
2026-02-08 04:04,2026-02-10,אשדוד,Ashdod,14,21,1220,מעונן חלקית
2026-02-08 04:04,2026-02-11,אשדוד,Ashdod,13,21,1250,בהיר
2026-02-08 04:04,2026-02-08,באר שבע,Beer Sheva,10,26,1220,מעונן חלקית
2026-02-08 04:04,2026-02-09,באר שבע,Beer Sheva,11,26,1230,מעונן
2026-02-08 04:04,2026-02-10,באר שבע,Beer Sheva,13,22,1220,מעונן חלקית
2026-02-08 04:04,2026-02-11,באר שבע,Beer Sheva,11,22,1220,מעונן חלקית
2026-02-08 04:04,2026-02-08,בית שאן,Bet Shean,14,27,1220,מעונן חלקית
2026-02-08 04:04,2026-02-09,בית שאן,Bet Shean,15,26,1230,מעונן
2026-02-08 04:04,2026-02-10,בית שאן,Bet Shean,16,25,1220,מעונן חלקית
2026-02-08 04:04,2026-02-11,בית שאן,Bet Shean,14,23,1530,מעונן חלקית;  אפשרות לגשם
2026-02-08 04:04,2026-02-08,חיפה,Haifa,15,22,1220,מעונן חלקית
2026-02-08 04:04,2026-02-09,חיפה,Haifa,17,21,1230,מעונן
2026-02-08 04:04,2026-02-10,חיפה,Haifa,15,20,1230,מעונן
2026-02-08 04:04,2026-02-11,חיפה,Haifa,15,19,1530,מעונן חלקית;  אפשרות לגשם
2026-02-08 04:04,2026-02-08,טבריה,Tiberias,14,24,1220,מעונן חלקית
2026-02-08 04:04,2026-02-09,טבריה,Tiberias,15,23,1230,מעונן
2026-02-08 04:04,2026-02-10,טבריה,Tiberias,14,21,1220,מעונן חלקית
2026-02-08 04:04,2026-02-11,טבריה,Tiberias,13,21,1560,מעונן;  גשם קל
2026-02-08 04:04,2026-02-08,ירושלים,Jerusalem,11,21,1250,בהיר
2026-02-08 04:04,2026-02-09,ירושלים,Jerusalem,12,20,1230,מעונן
2026-02-08 04:04,2026-02-10,ירושלים,Jerusalem,11,18,1220,מעונן חלקית
2026-02-08 04:04,2026-02-11,ירושלים,Jerusalem,10,17,1530,מעונן חלקית;  אפשרות לגשם
2026-02-08 04:04,2026-02-08,לוד,Lod,13,24,1220,מעונן חלקית
2026-02-08 04:04,2026-02-09,לוד,Lod,15,23,1230,מעונן
2026-02-08 04:04,2026-02-10,לוד,Lod,15,21,1220,מעונן חלקית
2026-02-08 04:04,2026-02-11,לוד,Lod,13,21,1530,מעונן חלקית;  אפשרות לגשם
2026-02-08 04:04,2026-02-08,מצפה רמון,Mizpe Ramon,14,24,1220,מעונן חלקית
2026-02-08 04:04,2026-02-09,מצפה רמון,Mizpe Ramon,17,25,1230,מעונן
2026-02-08 04:04,2026-02-10,מצפה רמון,Mizpe Ramon,15,22,1220,מעונן חלקית
2026-02-08 04:04,2026-02-11,מצפה רמון,Mizpe Ramon,13,19,1220,מעונן חלקית
2026-02-08 04:04,2026-02-08,נצרת,Nazareth,14,22,1220,מעונן חלקית
2026-02-08 04:04,2026-02-09,נצרת,Nazareth,16,21,1230,מעונן
2026-02-08 04:04,2026-02-10,נצרת,Nazareth,14,20,1220,מעונן חלקית
2026-02-08 04:04,2026-02-11,נצרת,Nazareth,13,19,1530,מעונן חלקית;  אפשרות לגשם
2026-02-08 04:04,2026-02-08,עין גדי,En Gedi,20,30,1260,רוחות ערות
2026-02-08 04:04,2026-02-09,עין גדי,En Gedi,21,30,1230,מעונן
2026-02-08 04:04,2026-02-10,עין גדי,En Gedi,20,28,1220,מעונן חלקית
2026-02-08 04:04,2026-02-11,עין גדי,En Gedi,18,27,1530,מעונן חלקית;  אפשרות לגשם
2026-02-08 04:04,2026-02-08,עפולה,Afula,11,24,1220,מעונן חלקית
2026-02-08 04:04,2026-02-09,עפולה,Afula,13,23,1230,מעונן
2026-02-08 04:04,2026-02-10,עפולה,Afula,13,22,1220,מעונן חלקית
2026-02-08 04:04,2026-02-11,עפולה,Afula,11,21,1530,מעונן חלקית;  אפשרות לגשם
2026-02-08 04:04,2026-02-08,צפת,Zefat,12,17,1220,מעונן חלקית
2026-02-08 04:04,2026-02-09,צפת,Zefat,13,17,1230,מעונן
2026-02-08 04:04,2026-02-10,צפת,Zefat,11,16,1230,מעונן
2026-02-08 04:04,2026-02-11,צפת,Zefat,10,15,1140,גשם
2026-02-08 04:04,2026-02-08,קצרין,Qazrin,12,20,1220,מעונן חלקית
2026-02-08 04:04,2026-02-09,קצרין,Qazrin,13,21,1230,מעונן
2026-02-08 04:04,2026-02-10,קצרין,Qazrin,12,20,1220,מעונן חלקית
2026-02-08 04:04,2026-02-11,קצרין,Qazrin,11,18,1560,מעונן;  גשם קל
2026-02-08 04:04,2026-02-08,תל אביב - יפו,Tel Aviv - Yafo,14,24,1220,מעונן חלקית
2026-02-08 04:04,2026-02-09,תל אביב - יפו,Tel Aviv - Yafo,16,23,1230,מעונן
2026-02-08 04:04,2026-02-10,תל אביב - יפו,Tel Aviv - Yafo,15,21,1220,מעונן חלקית
2026-02-08 04:04,2026-02-11,תל אביב - יפו,Tel Aviv - Yafo,14,21,1530,מעונן חלקית;  אפשרות לגשם
2026-02-08 17:09,2026-02-08,אילת,Elat,21,,,
2026-02-08 17:09,2026-02-09,אילת,Elat,18,23,1220,מעונן חלקית
2026-02-08 17:09,2026-02-10,אילת,Elat,19,23,1230,מעונן
2026-02-08 17:09,2026-02-11,אילת,Elat,17,25,1230,מעונן
2026-02-08 17:09,2026-02-12,אילת,Elat,,24,1220,מעונן חלקית
2026-02-08 17:09,2026-02-08,אשדוד,Ashdod,13,,,
2026-02-08 17:09,2026-02-09,אשדוד,Ashdod,14,21,1230,מעונן
2026-02-08 17:09,2026-02-10,אשדוד,Ashdod,15,20,1220,מעונן חלקית
2026-02-08 17:09,2026-02-11,אשדוד,Ashdod,13,20,1220,מעונן חלקית
2026-02-08 17:09,2026-02-12,אשדוד,Ashdod,,21,1220,מעונן חלקית
2026-02-08 17:09,2026-02-08,באר שבע,Beer Sheva,10,,,
2026-02-08 17:09,2026-02-09,באר שבע,Beer Sheva,11,24,1230,מעונן
2026-02-08 17:09,2026-02-10,באר שבע,Beer Sheva,13,22,1220,מעונן חלקית
2026-02-08 17:09,2026-02-11,באר שבע,Beer Sheva,11,21,1220,מעונן חלקית
2026-02-08 17:09,2026-02-12,באר שבע,Beer Sheva,,22,1220,מעונן חלקית
2026-02-08 17:09,2026-02-08,בית שאן,Bet Shean,14,,,
2026-02-08 17:09,2026-02-09,בית שאן,Bet Shean,15,25,1230,מעונן
2026-02-08 17:09,2026-02-10,בית שאן,Bet Shean,16,25,1220,מעונן חלקית
2026-02-08 17:09,2026-02-11,בית שאן,Bet Shean,14,24,1220,מעונן חלקית
2026-02-08 17:09,2026-02-12,בית שאן,Bet Shean,,25,1220,מעונן חלקית
2026-02-08 17:09,2026-02-08,חיפה,Haifa,15,,,
2026-02-08 17:09,2026-02-09,חיפה,Haifa,16,20,1230,מעונן
2026-02-08 17:09,2026-02-10,חיפה,Haifa,15,19,1230,מעונן
2026-02-08 17:09,2026-02-11,חיפה,Haifa,14,19,1220,מעונן חלקית
2026-02-08 17:09,2026-02-12,חיפה,Haifa,,20,1220,מעונן חלקית
2026-02-08 17:09,2026-02-08,טבריה,Tiberias,14,,,
2026-02-08 17:09,2026-02-09,טבריה,Tiberias,15,22,1230,מעונן
2026-02-08 17:09,2026-02-10,טבריה,Tiberias,14,22,1220,מעונן חלקית
2026-02-08 17:09,2026-02-11,טבריה,Tiberias,13,21,1220,מעונן חלקית
2026-02-08 17:09,2026-02-12,טבריה,Tiberias,,22,1220,מעונן חלקית
2026-02-08 17:09,2026-02-08,ירושלים,Jerusalem,11,,,
2026-02-08 17:09,2026-02-09,ירושלים,Jerusalem,12,20,1220,מעונן חלקית
2026-02-08 17:09,2026-02-10,ירושלים,Jerusalem,11,18,1220,מעונן חלקית
2026-02-08 17:09,2026-02-11,ירושלים,Jerusalem,9,17,1220,מעונן חלקית
2026-02-08 17:09,2026-02-12,ירושלים,Jerusalem,,18,1220,מעונן חלקית
2026-02-08 17:09,2026-02-08,לוד,Lod,13,,,
2026-02-08 17:09,2026-02-09,לוד,Lod,15,22,1230,מעונן
2026-02-08 17:09,2026-02-10,לוד,Lod,14,21,1220,מעונן חלקית
2026-02-08 17:09,2026-02-11,לוד,Lod,13,20,1220,מעונן חלקית
2026-02-08 17:09,2026-02-12,לוד,Lod,,22,1220,מעונן חלקית
2026-02-08 17:09,2026-02-08,מצפה רמון,Mizpe Ramon,14,,,
2026-02-08 17:09,2026-02-09,מצפה רמון,Mizpe Ramon,17,24,1230,מעונן
2026-02-08 17:09,2026-02-10,מצפה רמון,Mizpe Ramon,15,23,1220,מעונן חלקית
2026-02-08 17:09,2026-02-11,מצפה רמון,Mizpe Ramon,13,20,1220,מעונן חלקית
2026-02-08 17:09,2026-02-12,מצפה רמון,Mizpe Ramon,,20,1220,מעונן חלקית
2026-02-08 17:09,2026-02-08,נצרת,Nazareth,14,,,
2026-02-08 17:09,2026-02-09,נצרת,Nazareth,15,20,1230,מעונן
2026-02-08 17:09,2026-02-10,נצרת,Nazareth,14,20,1220,מעונן חלקית
2026-02-08 17:09,2026-02-11,נצרת,Nazareth,13,19,1220,מעונן חלקית
2026-02-08 17:09,2026-02-12,נצרת,Nazareth,,20,1220,מעונן חלקית
2026-02-08 17:09,2026-02-08,עין גדי,En Gedi,20,,,
2026-02-08 17:09,2026-02-09,עין גדי,En Gedi,22,29,1230,מעונן
2026-02-08 17:09,2026-02-10,עין גדי,En Gedi,20,28,1220,מעונן חלקית
2026-02-08 17:09,2026-02-11,עין גדי,En Gedi,18,26,1230,מעונן
2026-02-08 17:09,2026-02-12,עין גדי,En Gedi,,24,1220,מעונן חלקית
2026-02-08 17:09,2026-02-08,עפולה,Afula,11,,,
2026-02-08 17:09,2026-02-09,עפולה,Afula,12,23,1230,מעונן
2026-02-08 17:09,2026-02-10,עפולה,Afula,14,22,1220,מעונן חלקית
2026-02-08 17:09,2026-02-11,עפולה,Afula,12,21,1220,מעונן חלקית
2026-02-08 17:09,2026-02-12,עפולה,Afula,,22,1220,מעונן חלקית
2026-02-08 17:09,2026-02-08,צפת,Zefat,12,,,
2026-02-08 17:09,2026-02-09,צפת,Zefat,12,17,1230,מעונן
2026-02-08 17:09,2026-02-10,צפת,Zefat,10,16,1220,מעונן חלקית
2026-02-08 17:09,2026-02-11,צפת,Zefat,10,14,1220,מעונן חלקית
2026-02-08 17:09,2026-02-12,צפת,Zefat,,15,1220,מעונן חלקית
2026-02-08 17:09,2026-02-08,קצרין,Qazrin,12,,,
2026-02-08 17:09,2026-02-09,קצרין,Qazrin,13,20,1230,מעונן
2026-02-08 17:09,2026-02-10,קצרין,Qazrin,12,20,1220,מעונן חלקית
2026-02-08 17:09,2026-02-11,קצרין,Qazrin,11,18,1220,מעונן חלקית
2026-02-08 17:09,2026-02-12,קצרין,Qazrin,,19,1220,מעונן חלקית
2026-02-08 17:09,2026-02-08,תל אביב - יפו,Tel Aviv - Yafo,14,,,
2026-02-08 17:09,2026-02-09,תל אביב - יפו,Tel Aviv - Yafo,15,21,1230,מעונן
2026-02-08 17:09,2026-02-10,תל אביב - יפו,Tel Aviv - Yafo,15,20,1230,מעונן
2026-02-08 17:09,2026-02-11,תל אביב - יפו,Tel Aviv - Yafo,14,20,1220,מעונן חלקית
2026-02-08 17:09,2026-02-12,תל אביב - יפו,Tel Aviv - Yafo,,21,1220,מעונן חלקית
2026-02-09 04:49,2026-02-09,אילת,Elat,23,27,1230,מעונן
2026-02-09 04:49,2026-02-10,אילת,Elat,24,27,1220,מעונן חלקית
2026-02-09 04:49,2026-02-11,אילת,Elat,19,27,1220,מעונן חלקית
2026-02-09 04:49,2026-02-12,אילת,Elat,17,26,1250,בהיר
2026-02-09 04:49,2026-02-09,אשדוד,Ashdod,14,22,1230,מעונן
2026-02-09 04:49,2026-02-10,אשדוד,Ashdod,14,21,1220,מעונן חלקית
2026-02-09 04:49,2026-02-11,אשדוד,Ashdod,14,20,1220,מעונן חלקית
2026-02-09 04:49,2026-02-12,אשדוד,Ashdod,13,21,1220,מעונן חלקית
2026-02-09 04:49,2026-02-09,באר שבע,Beer Sheva,13,24,1230,מעונן
2026-02-09 04:49,2026-02-10,באר שבע,Beer Sheva,13,22,1220,מעונן חלקית
2026-02-09 04:49,2026-02-11,באר שבע,Beer Sheva,12,21,1220,מעונן חלקית
2026-02-09 04:49,2026-02-12,באר שבע,Beer Sheva,10,21,1250,בהיר
2026-02-09 04:49,2026-02-09,בית שאן,Bet Shean,15,26,1230,מעונן
2026-02-09 04:49,2026-02-10,בית שאן,Bet Shean,16,25,1220,מעונן חלקית
2026-02-09 04:49,2026-02-11,בית שאן,Bet Shean,15,24,1530,מעונן חלקית;  אפשרות לגשם
2026-02-09 04:49,2026-02-12,בית שאן,Bet Shean,14,24,1220,מעונן חלקית
2026-02-09 04:49,2026-02-09,חיפה,Haifa,16,20,1230,מעונן
2026-02-09 04:49,2026-02-10,חיפה,Haifa,15,20,1220,מעונן חלקית
2026-02-09 04:49,2026-02-11,חיפה,Haifa,15,20,1140,גשם
2026-02-09 04:49,2026-02-12,חיפה,Haifa,16,19,1140,גשם
2026-02-09 04:49,2026-02-09,טבריה,Tiberias,15,23,1230,מעונן
2026-02-09 04:49,2026-02-10,טבריה,Tiberias,14,22,1220,מעונן חלקית
2026-02-09 04:49,2026-02-11,טבריה,Tiberias,14,21,1140,גשם
2026-02-09 04:49,2026-02-12,טבריה,Tiberias,14,19,1140,גשם
2026-02-09 04:49,2026-02-09,ירושלים,Jerusalem,12,19,1220,מעונן חלקית
2026-02-09 04:49,2026-02-10,ירושלים,Jerusalem,11,18,1220,מעונן חלקית
2026-02-09 04:49,2026-02-11,ירושלים,Jerusalem,10,16,1220,מעונן חלקית
2026-02-09 04:49,2026-02-12,ירושלים,Jerusalem,9,17,1250,בהיר
2026-02-09 04:49,2026-02-09,לוד,Lod,15,22,1230,מעונן
2026-02-09 04:49,2026-02-10,לוד,Lod,15,22,1220,מעונן חלקית
2026-02-09 04:49,2026-02-11,לוד,Lod,14,20,1220,מעונן חלקית
2026-02-09 04:49,2026-02-12,לוד,Lod,14,21,1140,גשם
2026-02-09 04:49,2026-02-09,מצפה רמון,Mizpe Ramon,17,25,1230,מעונן
2026-02-09 04:49,2026-02-10,מצפה רמון,Mizpe Ramon,15,23,1220,מעונן חלקית
2026-02-09 04:49,2026-02-11,מצפה רמון,Mizpe Ramon,12,19,1220,מעונן חלקית
2026-02-09 04:49,2026-02-12,מצפה רמון,Mizpe Ramon,10,19,1220,מעונן חלקית
2026-02-09 04:49,2026-02-09,נצרת,Nazareth,15,21,1230,מעונן
2026-02-09 04:49,2026-02-10,נצרת,Nazareth,14,20,1220,מעונן חלקית
2026-02-09 04:49,2026-02-11,נצרת,Nazareth,14,19,1140,גשם
2026-02-09 04:49,2026-02-12,נצרת,Nazareth,13,18,1140,גשם
2026-02-09 04:49,2026-02-09,עין גדי,En Gedi,23,29,1230,מעונן
2026-02-09 04:49,2026-02-10,עין גדי,En Gedi,21,29,1220,מעונן חלקית
2026-02-09 04:49,2026-02-11,עין גדי,En Gedi,19,26,1230,מעונן
2026-02-09 04:49,2026-02-12,עין גדי,En Gedi,17,26,1250,בהיר
2026-02-09 04:49,2026-02-09,עפולה,Afula,13,23,1230,מעונן
2026-02-09 04:49,2026-02-10,עפולה,Afula,12,22,1220,מעונן חלקית
2026-02-09 04:49,2026-02-11,עפולה,Afula,13,21,1140,גשם
2026-02-09 04:49,2026-02-12,עפולה,Afula,13,20,1140,גשם
2026-02-09 04:49,2026-02-09,צפת,Zefat,12,17,1230,מעונן
2026-02-09 04:49,2026-02-10,צפת,Zefat,11,16,1220,מעונן חלקית
2026-02-09 04:49,2026-02-11,צפת,Zefat,10,14,1140,גשם
2026-02-09 04:49,2026-02-12,צפת,Zefat,10,13,1560,מעונן;  גשם קל
2026-02-09 04:49,2026-02-09,קצרין,Qazrin,13,20,1230,מעונן
2026-02-09 04:49,2026-02-10,קצרין,Qazrin,12,20,1220,מעונן חלקית
2026-02-09 04:49,2026-02-11,קצרין,Qazrin,13,19,1560,מעונן;  גשם קל
2026-02-09 04:49,2026-02-12,קצרין,Qazrin,11,16,1140,גשם
2026-02-09 04:49,2026-02-09,תל אביב - יפו,Tel Aviv - Yafo,15,22,1230,מעונן
2026-02-09 04:49,2026-02-10,תל אביב - יפו,Tel Aviv - Yafo,15,21,1220,מעונן חלקית
2026-02-09 04:49,2026-02-11,תל אביב - יפו,Tel Aviv - Yafo,15,20,1220,מעונן חלקית
2026-02-09 04:49,2026-02-12,תל אביב - יפו,Tel Aviv - Yafo,14,21,1140,גשם
2026-02-09 16:47,2026-02-09,אילת,Elat,23,,,
2026-02-09 16:47,2026-02-10,אילת,Elat,19,23,1220,מעונן חלקית
2026-02-09 16:47,2026-02-11,אילת,Elat,18,26,1220,מעונן חלקית
2026-02-09 16:47,2026-02-12,אילת,Elat,16,26,1250,בהיר
2026-02-09 16:47,2026-02-13,אילת,Elat,,23,1220,מעונן חלקית
2026-02-09 16:47,2026-02-09,אשדוד,Ashdod,14,,,
2026-02-09 16:47,2026-02-10,אשדוד,Ashdod,15,20,1220,מעונן חלקית
2026-02-09 16:47,2026-02-11,אשדוד,Ashdod,14,20,1220,מעונן חלקית
2026-02-09 16:47,2026-02-12,אשדוד,Ashdod,13,21,1250,בהיר
2026-02-09 16:47,2026-02-13,אשדוד,Ashdod,,25,1220,מעונן חלקית
2026-02-09 16:47,2026-02-09,באר שבע,Beer Sheva,13,,,
2026-02-09 16:47,2026-02-10,באר שבע,Beer Sheva,13,22,1220,מעונן חלקית
2026-02-09 16:47,2026-02-11,באר שבע,Beer Sheva,12,20,1220,מעונן חלקית
2026-02-09 16:47,2026-02-12,באר שבע,Beer Sheva,9,21,1250,בהיר
2026-02-09 16:47,2026-02-13,באר שבע,Beer Sheva,,24,1220,מעונן חלקית
2026-02-09 16:47,2026-02-09,בית שאן,Bet Shean,15,,,
2026-02-09 16:47,2026-02-10,בית שאן,Bet Shean,16,24,1230,מעונן
2026-02-09 16:47,2026-02-11,בית שאן,Bet Shean,15,24,1530,מעונן חלקית;  אפשרות לגשם
2026-02-09 16:47,2026-02-12,בית שאן,Bet Shean,14,24,1220,מעונן חלקית
2026-02-09 16:47,2026-02-13,בית שאן,Bet Shean,,24,1220,מעונן חלקית
2026-02-09 16:47,2026-02-09,חיפה,Haifa,16,,,
2026-02-09 16:47,2026-02-10,חיפה,Haifa,15,20,1230,מעונן
2026-02-09 16:47,2026-02-11,חיפה,Haifa,14,19,1140,גשם
2026-02-09 16:47,2026-02-12,חיפה,Haifa,15,19,1530,מעונן חלקית;  אפשרות לגשם
2026-02-09 16:47,2026-02-13,חיפה,Haifa,,23,1530,מעונן חלקית;  אפשרות לגשם
2026-02-09 16:47,2026-02-09,טבריה,Tiberias,15,,,
2026-02-09 16:47,2026-02-10,טבריה,Tiberias,14,21,1230,מעונן
2026-02-09 16:47,2026-02-11,טבריה,Tiberias,14,20,1140,גשם
2026-02-09 16:47,2026-02-12,טבריה,Tiberias,13,20,1530,מעונן חלקית;  אפשרות לגשם
2026-02-09 16:47,2026-02-13,טבריה,Tiberias,,22,1530,מעונן חלקית;  אפשרות לגשם
2026-02-09 16:47,2026-02-09,ירושלים,Jerusalem,12,,,
2026-02-09 16:47,2026-02-10,ירושלים,Jerusalem,11,17,1220,מעונן חלקית
2026-02-09 16:47,2026-02-11,ירושלים,Jerusalem,10,16,1230,מעונן
2026-02-09 16:47,2026-02-12,ירושלים,Jerusalem,9,17,1250,בהיר
2026-02-09 16:47,2026-02-13,ירושלים,Jerusalem,,20,1220,מעונן חלקית
2026-02-09 16:47,2026-02-09,לוד,Lod,15,,,
2026-02-09 16:47,2026-02-10,לוד,Lod,14,21,1220,מעונן חלקית
2026-02-09 16:47,2026-02-11,לוד,Lod,14,20,1220,מעונן חלקית
2026-02-09 16:47,2026-02-12,לוד,Lod,13,21,1250,בהיר
2026-02-09 16:47,2026-02-13,לוד,Lod,,25,1220,מעונן חלקית
2026-02-09 16:47,2026-02-09,מצפה רמון,Mizpe Ramon,17,,,
2026-02-09 16:47,2026-02-10,מצפה רמון,Mizpe Ramon,14,22,1220,מעונן חלקית
2026-02-09 16:47,2026-02-11,מצפה רמון,Mizpe Ramon,12,20,1220,מעונן חלקית
2026-02-09 16:47,2026-02-12,מצפה רמון,Mizpe Ramon,10,19,1250,בהיר
2026-02-09 16:47,2026-02-13,מצפה רמון,Mizpe Ramon,,22,1220,מעונן חלקית
2026-02-09 16:47,2026-02-09,נצרת,Nazareth,15,,,
2026-02-09 16:47,2026-02-10,נצרת,Nazareth,14,19,1230,מעונן
2026-02-09 16:47,2026-02-11,נצרת,Nazareth,13,19,1140,גשם
2026-02-09 16:47,2026-02-12,נצרת,Nazareth,13,19,1560,מעונן;  גשם קל
2026-02-09 16:47,2026-02-13,נצרת,Nazareth,,22,1530,מעונן חלקית;  אפשרות לגשם
2026-02-09 16:47,2026-02-09,עין גדי,En Gedi,23,,,
2026-02-09 16:47,2026-02-10,עין גדי,En Gedi,20,28,1220,מעונן חלקית
2026-02-09 16:47,2026-02-11,עין גדי,En Gedi,18,25,1230,מעונן
2026-02-09 16:47,2026-02-12,עין גדי,En Gedi,16,24,1250,בהיר
2026-02-09 16:47,2026-02-13,עין גדי,En Gedi,,26,1220,מעונן חלקית
2026-02-09 16:47,2026-02-09,עפולה,Afula,13,,,
2026-02-09 16:47,2026-02-10,עפולה,Afula,14,21,1230,מעונן
2026-02-09 16:47,2026-02-11,עפולה,Afula,13,21,1560,מעונן;  גשם קל
2026-02-09 16:47,2026-02-12,עפולה,Afula,12,21,1220,מעונן חלקית
2026-02-09 16:47,2026-02-13,עפולה,Afula,,24,1230,מעונן
2026-02-09 16:47,2026-02-09,צפת,Zefat,12,,,
2026-02-09 16:47,2026-02-10,צפת,Zefat,11,15,1230,מעונן
2026-02-09 16:47,2026-02-11,צפת,Zefat,10,13,1140,גשם
2026-02-09 16:47,2026-02-12,צפת,Zefat,10,14,1560,מעונן;  גשם קל
2026-02-09 16:47,2026-02-13,צפת,Zefat,,15,1560,מעונן;  גשם קל
2026-02-09 16:47,2026-02-09,קצרין,Qazrin,13,,,
2026-02-09 16:47,2026-02-10,קצרין,Qazrin,12,19,1230,מעונן
2026-02-09 16:47,2026-02-11,קצרין,Qazrin,12,18,1560,מעונן;  גשם קל
2026-02-09 16:47,2026-02-12,קצרין,Qazrin,11,17,1560,מעונן;  גשם קל
2026-02-09 16:47,2026-02-13,קצרין,Qazrin,,19,1530,מעונן חלקית;  אפשרות לגשם
2026-02-09 16:47,2026-02-09,תל אביב - יפו,Tel Aviv - Yafo,15,,,
2026-02-09 16:47,2026-02-10,תל אביב - יפו,Tel Aviv - Yafo,15,20,1230,מעונן
2026-02-09 16:47,2026-02-11,תל אביב - יפו,Tel Aviv - Yafo,14,20,1230,מעונן
2026-02-09 16:47,2026-02-12,תל אביב - יפו,Tel Aviv - Yafo,14,21,1250,בהיר
2026-02-09 16:47,2026-02-13,תל אביב - יפו,Tel Aviv - Yafo,,24,1220,מעונן חלקית
2026-02-10 07:22,2026-02-10,אילת,Elat,23,27,1230,מעונן
2026-02-10 07:22,2026-02-11,אילת,Elat,19,28,1220,מעונן חלקית
2026-02-10 07:22,2026-02-12,אילת,Elat,17,26,1250,בהיר
2026-02-10 07:22,2026-02-13,אילת,Elat,19,27,1220,מעונן חלקית
2026-02-10 07:22,2026-02-10,אשדוד,Ashdod,14,21,1220,מעונן חלקית
2026-02-10 07:22,2026-02-11,אשדוד,Ashdod,13,20,1220,מעונן חלקית
2026-02-10 07:22,2026-02-12,אשדוד,Ashdod,13,22,1530,מעונן חלקית;  אפשרות לגשם
2026-02-10 07:22,2026-02-13,אשדוד,Ashdod,13,26,1220,מעונן חלקית
2026-02-10 07:22,2026-02-10,באר שבע,Beer Sheva,12,21,1220,מעונן חלקית
2026-02-10 07:22,2026-02-11,באר שבע,Beer Sheva,10,20,1220,מעונן חלקית
2026-02-10 07:22,2026-02-12,באר שבע,Beer Sheva,9,21,1220,מעונן חלקית
2026-02-10 07:22,2026-02-13,באר שבע,Beer Sheva,10,25,1220,מעונן חלקית
2026-02-10 07:22,2026-02-10,בית שאן,Bet Shean,16,24,1220,מעונן חלקית
2026-02-10 07:22,2026-02-11,בית שאן,Bet Shean,15,23,1530,מעונן חלקית;  אפשרות לגשם
2026-02-10 07:22,2026-02-12,בית שאן,Bet Shean,14,24,1220,מעונן חלקית
2026-02-10 07:22,2026-02-13,בית שאן,Bet Shean,12,25,1530,מעונן חלקית;  אפשרות לגשם
2026-02-10 07:22,2026-02-10,חיפה,Haifa,16,19,1530,מעונן חלקית;  אפשרות לגשם
2026-02-10 07:22,2026-02-11,חיפה,Haifa,14,19,1530,מעונן חלקית;  אפשרות לגשם
2026-02-10 07:22,2026-02-12,חיפה,Haifa,15,20,1220,מעונן חלקית
2026-02-10 07:22,2026-02-13,חיפה,Haifa,16,24,1560,מעונן;  גשם קל
2026-02-10 07:22,2026-02-10,טבריה,Tiberias,14,21,1220,מעונן חלקית
2026-02-10 07:22,2026-02-11,טבריה,Tiberias,14,20,1560,מעונן;  גשם קל
2026-02-10 07:22,2026-02-12,טבריה,Tiberias,13,21,1220,מעונן חלקית
2026-02-10 07:22,2026-02-13,טבריה,Tiberias,12,23,1560,מעונן;  גשם קל
2026-02-10 07:22,2026-02-10,ירושלים,Jerusalem,10,17,1220,מעונן חלקית
2026-02-10 07:22,2026-02-11,ירושלים,Jerusalem,10,16,1220,מעונן חלקית
2026-02-10 07:22,2026-02-12,ירושלים,Jerusalem,9,18,1220,מעונן חלקית
2026-02-10 07:22,2026-02-13,ירושלים,Jerusalem,11,21,1220,מעונן חלקית
2026-02-10 07:22,2026-02-10,לוד,Lod,14,20,1220,מעונן חלקית
2026-02-10 07:22,2026-02-11,לוד,Lod,13,20,1530,מעונן חלקית;  אפשרות לגשם
2026-02-10 07:22,2026-02-12,לוד,Lod,13,22,1530,מעונן חלקית;  אפשרות לגשם
2026-02-10 07:22,2026-02-13,לוד,Lod,13,25,1220,מעונן חלקית
2026-02-10 07:22,2026-02-10,מצפה רמון,Mizpe Ramon,13,21,1220,מעונן חלקית
2026-02-10 07:22,2026-02-11,מצפה רמון,Mizpe Ramon,12,19,1220,מעונן חלקית
2026-02-10 07:22,2026-02-12,מצפה רמון,Mizpe Ramon,11,20,1220,מעונן חלקית
2026-02-10 07:22,2026-02-13,מצפה רמון,Mizpe Ramon,12,22,1230,מעונן
2026-02-10 07:22,2026-02-10,נצרת,Nazareth,14,19,1220,מעונן חלקית
2026-02-10 07:22,2026-02-11,נצרת,Nazareth,13,19,1140,גשם
2026-02-10 07:22,2026-02-12,נצרת,Nazareth,13,20,1220,מעונן חלקית
2026-02-10 07:22,2026-02-13,נצרת,Nazareth,14,22,1560,מעונן;  גשם קל
2026-02-10 07:22,2026-02-10,עין גדי,En Gedi,19,27,1250,בהיר
2026-02-10 07:22,2026-02-11,עין גדי,En Gedi,18,26,1250,בהיר
2026-02-10 07:22,2026-02-12,עין גדי,En Gedi,17,24,1220,מעונן חלקית
2026-02-10 07:22,2026-02-13,עין גדי,En Gedi,18,28,1220,מעונן חלקית
2026-02-10 07:22,2026-02-10,עפולה,Afula,14,21,1220,מעונן חלקית
2026-02-10 07:22,2026-02-11,עפולה,Afula,13,21,1560,מעונן;  גשם קל
2026-02-10 07:22,2026-02-12,עפולה,Afula,12,22,1220,מעונן חלקית
2026-02-10 07:22,2026-02-13,עפולה,Afula,11,25,1560,מעונן;  גשם קל
2026-02-10 07:22,2026-02-10,צפת,Zefat,11,14,1530,מעונן חלקית;  אפשרות לגשם
2026-02-10 07:22,2026-02-11,צפת,Zefat,10,14,1140,גשם
2026-02-10 07:22,2026-02-12,צפת,Zefat,10,14,1230,מעונן
2026-02-10 07:22,2026-02-13,צפת,Zefat,10,16,1560,מעונן;  גשם קל
2026-02-10 07:22,2026-02-10,קצרין,Qazrin,13,19,1220,מעונן חלקית
2026-02-10 07:22,2026-02-11,קצרין,Qazrin,12,17,1140,גשם
2026-02-10 07:22,2026-02-12,קצרין,Qazrin,12,18,1530,מעונן חלקית;  אפשרות לגשם
2026-02-10 07:22,2026-02-13,קצרין,Qazrin,11,20,1560,מעונן;  גשם קל
2026-02-10 07:22,2026-02-10,תל אביב - יפו,Tel Aviv - Yafo,15,21,1220,מעונן חלקית
2026-02-10 07:22,2026-02-11,תל אביב - יפו,Tel Aviv - Yafo,14,20,1220,מעונן חלקית
2026-02-10 07:22,2026-02-12,תל אביב - יפו,Tel Aviv - Yafo,14,21,1530,מעונן חלקית;  אפשרות לגשם
2026-02-10 07:22,2026-02-13,תל אביב - יפו,Tel Aviv - Yafo,14,25,1530,מעונן חלקית;  אפשרות לגשם
2026-02-10 17:30,2026-02-10,אילת,Elat,23,,,
2026-02-10 17:30,2026-02-11,אילת,Elat,17,26,1220,מעונן חלקית
2026-02-10 17:30,2026-02-12,אילת,Elat,16,24,1250,בהיר
2026-02-10 17:30,2026-02-13,אילת,Elat,17,24,1220,מעונן חלקית
2026-02-10 17:30,2026-02-14,אילת,Elat,,26,1250,בהיר
2026-02-10 17:30,2026-02-10,אשדוד,Ashdod,14,,,
2026-02-10 17:30,2026-02-11,אשדוד,Ashdod,12,19,1220,מעונן חלקית
2026-02-10 17:30,2026-02-12,אשדוד,Ashdod,12,22,1220,מעונן חלקית
2026-02-10 17:30,2026-02-13,אשדוד,Ashdod,14,26,1530,מעונן חלקית;  אפשרות לגשם
2026-02-10 17:30,2026-02-14,אשדוד,Ashdod,,21,1250,בהיר
2026-02-10 17:30,2026-02-10,באר שבע,Beer Sheva,12,,,
2026-02-10 17:30,2026-02-11,באר שבע,Beer Sheva,10,19,1220,מעונן חלקית
2026-02-10 17:30,2026-02-12,באר שבע,Beer Sheva,9,21,1250,בהיר
2026-02-10 17:30,2026-02-13,באר שבע,Beer Sheva,10,25,1220,מעונן חלקית
2026-02-10 17:30,2026-02-14,באר שבע,Beer Sheva,,22,1250,בהיר
2026-02-10 17:30,2026-02-10,בית שאן,Bet Shean,16,,,
2026-02-10 17:30,2026-02-11,בית שאן,Bet Shean,14,23,1560,מעונן;  גשם קל
2026-02-10 17:30,2026-02-12,בית שאן,Bet Shean,13,23,1220,מעונן חלקית
2026-02-10 17:30,2026-02-13,בית שאן,Bet Shean,12,25,1560,מעונן;  גשם קל
2026-02-10 17:30,2026-02-14,בית שאן,Bet Shean,,24,1250,בהיר
2026-02-10 17:30,2026-02-10,חיפה,Haifa,16,,,
2026-02-10 17:30,2026-02-11,חיפה,Haifa,14,19,1530,מעונן חלקית;  אפשרות לגשם
2026-02-10 17:30,2026-02-12,חיפה,Haifa,15,20,1220,מעונן חלקית
2026-02-10 17:30,2026-02-13,חיפה,Haifa,17,24,1530,מעונן חלקית;  אפשרות לגשם
2026-02-10 17:30,2026-02-14,חיפה,Haifa,,20,1220,מעונן חלקית
2026-02-10 17:30,2026-02-10,טבריה,Tiberias,14,,,
2026-02-10 17:30,2026-02-11,טבריה,Tiberias,13,19,1530,מעונן חלקית;  אפשרות לגשם
2026-02-10 17:30,2026-02-12,טבריה,Tiberias,12,20,1220,מעונן חלקית
2026-02-10 17:30,2026-02-13,טבריה,Tiberias,12,22,1560,מעונן;  גשם קל
2026-02-10 17:30,2026-02-14,טבריה,Tiberias,,21,1530,מעונן חלקית;  אפשרות לגשם
2026-02-10 17:30,2026-02-10,ירושלים,Jerusalem,10,,,
2026-02-10 17:30,2026-02-11,ירושלים,Jerusalem,9,15,1220,מעונן חלקית
2026-02-10 17:30,2026-02-12,ירושלים,Jerusalem,9,18,1220,מעונן חלקית
2026-02-10 17:30,2026-02-13,ירושלים,Jerusalem,12,21,1220,מעונן חלקית
2026-02-10 17:30,2026-02-14,ירושלים,Jerusalem,,18,1220,מעונן חלקית
2026-02-10 17:30,2026-02-10,לוד,Lod,14,,,
2026-02-10 17:30,2026-02-11,לוד,Lod,13,19,1220,מעונן חלקית
2026-02-10 17:30,2026-02-12,לוד,Lod,13,22,1220,מעונן חלקית
2026-02-10 17:30,2026-02-13,לוד,Lod,14,26,1530,מעונן חלקית;  אפשרות לגשם
2026-02-10 17:30,2026-02-14,לוד,Lod,,21,1250,בהיר
2026-02-10 17:30,2026-02-10,מצפה רמון,Mizpe Ramon,13,,,
2026-02-10 17:30,2026-02-11,מצפה רמון,Mizpe Ramon,11,19,1220,מעונן חלקית
2026-02-10 17:30,2026-02-12,מצפה רמון,Mizpe Ramon,10,20,1250,בהיר
2026-02-10 17:30,2026-02-13,מצפה רמון,Mizpe Ramon,12,23,1230,מעונן
2026-02-10 17:30,2026-02-14,מצפה רמון,Mizpe Ramon,,20,1250,בהיר
2026-02-10 17:30,2026-02-10,נצרת,Nazareth,14,,,
2026-02-10 17:30,2026-02-11,נצרת,Nazareth,13,18,1560,מעונן;  גשם קל
2026-02-10 17:30,2026-02-12,נצרת,Nazareth,13,20,1220,מעונן חלקית
2026-02-10 17:30,2026-02-13,נצרת,Nazareth,13,23,1560,מעונן;  גשם קל
2026-02-10 17:30,2026-02-14,נצרת,Nazareth,,19,1220,מעונן חלקית
2026-02-10 17:30,2026-02-10,עין גדי,En Gedi,19,,,
2026-02-10 17:30,2026-02-11,עין גדי,En Gedi,17,25,1250,בהיר
2026-02-10 17:30,2026-02-12,עין גדי,En Gedi,16,24,1250,בהיר
2026-02-10 17:30,2026-02-13,עין גדי,En Gedi,18,29,1220,מעונן חלקית
2026-02-10 17:30,2026-02-14,עין גדי,En Gedi,,25,1250,בהיר
2026-02-10 17:30,2026-02-10,עפולה,Afula,14,,,
2026-02-10 17:30,2026-02-11,עפולה,Afula,12,20,1140,גשם
2026-02-10 17:30,2026-02-12,עפולה,Afula,12,22,1220,מעונן חלקית
2026-02-10 17:30,2026-02-13,עפולה,Afula,12,25,1560,מעונן;  גשם קל
2026-02-10 17:30,2026-02-14,עפולה,Afula,,22,1220,מעונן חלקית
2026-02-10 17:30,2026-02-10,צפת,Zefat,11,,,
2026-02-10 17:30,2026-02-11,צפת,Zefat,10,14,1530,מעונן חלקית;  אפשרות לגשם
2026-02-10 17:30,2026-02-12,צפת,Zefat,9,14,1220,מעונן חלקית
2026-02-10 17:30,2026-02-13,צפת,Zefat,10,16,1530,מעונן חלקית;  אפשרות לגשם
2026-02-10 17:30,2026-02-14,צפת,Zefat,,15,1530,מעונן חלקית;  אפשרות לגשם
2026-02-10 17:30,2026-02-10,קצרין,Qazrin,13,,,
2026-02-10 17:30,2026-02-11,קצרין,Qazrin,12,17,1530,מעונן חלקית;  אפשרות לגשם
2026-02-10 17:30,2026-02-12,קצרין,Qazrin,12,18,1220,מעונן חלקית
2026-02-10 17:30,2026-02-13,קצרין,Qazrin,11,20,1560,מעונן;  גשם קל
2026-02-10 17:30,2026-02-14,קצרין,Qazrin,,19,1220,מעונן חלקית
2026-02-10 17:30,2026-02-10,תל אביב - יפו,Tel Aviv - Yafo,15,,,
2026-02-10 17:30,2026-02-11,תל אביב - יפו,Tel Aviv - Yafo,14,19,1220,מעונן חלקית
2026-02-10 17:30,2026-02-12,תל אביב - יפו,Tel Aviv - Yafo,13,21,1220,מעונן חלקית
2026-02-10 17:30,2026-02-13,תל אביב - יפו,Tel Aviv - Yafo,14,25,1530,מעונן חלקית;  אפשרות לגשם
2026-02-10 17:30,2026-02-14,תל אביב - יפו,Tel Aviv - Yafo,,21,1220,מעונן חלקית
2026-02-11 05:00,2026-02-11,אילת,Elat,19,25,1220,מעונן חלקית
2026-02-11 05:00,2026-02-12,אילת,Elat,16,25,1220,מעונן חלקית
2026-02-11 05:00,2026-02-13,אילת,Elat,21,26,1230,מעונן
2026-02-11 05:00,2026-02-14,אילת,Elat,20,28,1250,בהיר
2026-02-11 05:00,2026-02-11,אשדוד,Ashdod,13,19,1220,מעונן חלקית
2026-02-11 05:00,2026-02-12,אשדוד,Ashdod,12,22,1220,מעונן חלקית
2026-02-11 05:00,2026-02-13,אשדוד,Ashdod,14,27,1230,מעונן
2026-02-11 05:00,2026-02-14,אשדוד,Ashdod,14,21,1530,מעונן חלקית;  אפשרות לגשם
2026-02-11 05:00,2026-02-11,באר שבע,Beer Sheva,11,19,1220,מעונן חלקית
2026-02-11 05:00,2026-02-12,באר שבע,Beer Sheva,10,21,1220,מעונן חלקית
2026-02-11 05:00,2026-02-13,באר שבע,Beer Sheva,11,26,1570,אביך
2026-02-11 05:00,2026-02-14,באר שבע,Beer Sheva,12,21,1250,בהיר
2026-02-11 05:00,2026-02-11,בית שאן,Bet Shean,14,23,1530,מעונן חלקית;  אפשרות לגשם
2026-02-11 05:00,2026-02-12,בית שאן,Bet Shean,14,23,1220,מעונן חלקית
2026-02-11 05:00,2026-02-13,בית שאן,Bet Shean,13,27,1230,מעונן
2026-02-11 05:00,2026-02-14,בית שאן,Bet Shean,15,24,1530,מעונן חלקית;  אפשרות לגשם
2026-02-11 05:00,2026-02-11,חיפה,Haifa,15,19,1140,גשם
2026-02-11 05:00,2026-02-12,חיפה,Haifa,14,21,1220,מעונן חלקית
2026-02-11 05:00,2026-02-13,חיפה,Haifa,17,24,1230,מעונן
2026-02-11 05:00,2026-02-14,חיפה,Haifa,16,20,1530,מעונן חלקית;  אפשרות לגשם
2026-02-11 05:00,2026-02-11,טבריה,Tiberias,13,20,1140,גשם
2026-02-11 05:00,2026-02-12,טבריה,Tiberias,14,21,1220,מעונן חלקית
2026-02-11 05:00,2026-02-13,טבריה,Tiberias,13,23,1230,מעונן
2026-02-11 05:00,2026-02-14,טבריה,Tiberias,13,21,1530,מעונן חלקית;  אפשרות לגשם
2026-02-11 05:00,2026-02-11,ירושלים,Jerusalem,10,15,1220,מעונן חלקית
2026-02-11 05:00,2026-02-12,ירושלים,Jerusalem,9,18,1220,מעונן חלקית
2026-02-11 05:00,2026-02-13,ירושלים,Jerusalem,12,22,1570,אביך
2026-02-11 05:00,2026-02-14,ירושלים,Jerusalem,10,17,1220,מעונן חלקית
2026-02-11 05:00,2026-02-11,לוד,Lod,13,19,1530,מעונן חלקית;  אפשרות לגשם
2026-02-11 05:00,2026-02-12,לוד,Lod,12,22,1220,מעונן חלקית
2026-02-11 05:00,2026-02-13,לוד,Lod,14,26,1230,מעונן
2026-02-11 05:00,2026-02-14,לוד,Lod,14,21,1530,מעונן חלקית;  אפשרות לגשם
2026-02-11 05:00,2026-02-11,מצפה רמון,Mizpe Ramon,12,17,1250,בהיר
2026-02-11 05:00,2026-02-12,מצפה רמון,Mizpe Ramon,11,20,1220,מעונן חלקית
2026-02-11 05:00,2026-02-13,מצפה רמון,Mizpe Ramon,13,23,1570,אביך
2026-02-11 05:00,2026-02-14,מצפה רמון,Mizpe Ramon,12,19,1250,בהיר
2026-02-11 05:00,2026-02-11,נצרת,Nazareth,13,18,1140,גשם
2026-02-11 05:00,2026-02-12,נצרת,Nazareth,13,20,1220,מעונן חלקית
2026-02-11 05:00,2026-02-13,נצרת,Nazareth,14,23,1230,מעונן
2026-02-11 05:00,2026-02-14,נצרת,Nazareth,13,19,1530,מעונן חלקית;  אפשרות לגשם
2026-02-11 05:00,2026-02-11,עין גדי,En Gedi,18,24,1220,מעונן חלקית
2026-02-11 05:00,2026-02-12,עין גדי,En Gedi,17,25,1220,מעונן חלקית
2026-02-11 05:00,2026-02-13,עין גדי,En Gedi,19,30,1570,אביך
2026-02-11 05:00,2026-02-14,עין גדי,En Gedi,19,26,1250,בהיר
2026-02-11 05:00,2026-02-11,עפולה,Afula,12,20,1140,גשם
2026-02-11 05:00,2026-02-12,עפולה,Afula,13,22,1220,מעונן חלקית
2026-02-11 05:00,2026-02-13,עפולה,Afula,13,25,1230,מעונן
2026-02-11 05:00,2026-02-14,עפולה,Afula,13,21,1530,מעונן חלקית;  אפשרות לגשם
2026-02-11 05:00,2026-02-11,צפת,Zefat,10,13,1140,גשם
2026-02-11 05:00,2026-02-12,צפת,Zefat,10,14,1220,מעונן חלקית
2026-02-11 05:00,2026-02-13,צפת,Zefat,10,17,1230,מעונן
2026-02-11 05:00,2026-02-14,צפת,Zefat,10,14,1530,מעונן חלקית;  אפשרות לגשם
2026-02-11 05:00,2026-02-11,קצרין,Qazrin,12,17,1140,גשם
2026-02-11 05:00,2026-02-12,קצרין,Qazrin,13,18,1220,מעונן חלקית
2026-02-11 05:00,2026-02-13,קצרין,Qazrin,12,21,1230,מעונן
2026-02-11 05:00,2026-02-14,קצרין,Qazrin,12,18,1530,מעונן חלקית;  אפשרות לגשם
2026-02-11 05:00,2026-02-11,תל אביב - יפו,Tel Aviv - Yafo,13,19,1530,מעונן חלקית;  אפשרות לגשם
2026-02-11 05:00,2026-02-12,תל אביב - יפו,Tel Aviv - Yafo,13,22,1220,מעונן חלקית
2026-02-11 05:00,2026-02-13,תל אביב - יפו,Tel Aviv - Yafo,15,26,1230,מעונן
2026-02-11 05:00,2026-02-14,תל אביב - יפו,Tel Aviv - Yafo,15,21,1530,מעונן חלקית;  אפשרות לגשם
2026-02-11 16:45,2026-02-11,אילת,Elat,19,,,
2026-02-11 16:45,2026-02-12,אילת,Elat,15,24,1250,בהיר
2026-02-11 16:45,2026-02-13,אילת,Elat,17,24,1220,מעונן חלקית
2026-02-11 16:45,2026-02-14,אילת,Elat,18,27,1250,בהיר
2026-02-11 16:45,2026-02-15,אילת,Elat,,29,1250,בהיר
2026-02-11 16:45,2026-02-11,אשדוד,Ashdod,13,,,
2026-02-11 16:45,2026-02-12,אשדוד,Ashdod,12,22,1220,מעונן חלקית
2026-02-11 16:45,2026-02-13,אשדוד,Ashdod,14,27,1230,מעונן
2026-02-11 16:45,2026-02-14,אשדוד,Ashdod,13,20,1250,בהיר
2026-02-11 16:45,2026-02-15,אשדוד,Ashdod,,23,1250,בהיר
2026-02-11 16:45,2026-02-11,באר שבע,Beer Sheva,11,,,
2026-02-11 16:45,2026-02-12,באר שבע,Beer Sheva,9,22,1220,מעונן חלקית
2026-02-11 16:45,2026-02-13,באר שבע,Beer Sheva,11,26,1230,מעונן
2026-02-11 16:45,2026-02-14,באר שבע,Beer Sheva,12,21,1250,בהיר
2026-02-11 16:45,2026-02-15,באר שבע,Beer Sheva,,26,1250,בהיר
2026-02-11 16:45,2026-02-11,בית שאן,Bet Shean,14,,,
2026-02-11 16:45,2026-02-12,בית שאן,Bet Shean,12,23,1220,מעונן חלקית
2026-02-11 16:45,2026-02-13,בית שאן,Bet Shean,12,25,1530,מעונן חלקית;  אפשרות לגשם
2026-02-11 16:45,2026-02-14,בית שאן,Bet Shean,14,23,1530,מעונן חלקית;  אפשרות לגשם
2026-02-11 16:45,2026-02-15,בית שאן,Bet Shean,,26,1250,בהיר
2026-02-11 16:45,2026-02-11,חיפה,Haifa,15,,,
2026-02-11 16:45,2026-02-12,חיפה,Haifa,14,20,1220,מעונן חלקית
2026-02-11 16:45,2026-02-13,חיפה,Haifa,17,24,1560,מעונן;  גשם קל
2026-02-11 16:45,2026-02-14,חיפה,Haifa,15,19,1220,מעונן חלקית
2026-02-11 16:45,2026-02-15,חיפה,Haifa,,23,1250,בהיר
2026-02-11 16:45,2026-02-11,טבריה,Tiberias,13,,,
2026-02-11 16:45,2026-02-12,טבריה,Tiberias,12,21,1220,מעונן חלקית
2026-02-11 16:45,2026-02-13,טבריה,Tiberias,12,22,1530,מעונן חלקית;  אפשרות לגשם
2026-02-11 16:45,2026-02-14,טבריה,Tiberias,13,20,1140,גשם
2026-02-11 16:45,2026-02-15,טבריה,Tiberias,,22,1250,בהיר
2026-02-11 16:45,2026-02-11,ירושלים,Jerusalem,10,,,
2026-02-11 16:45,2026-02-12,ירושלים,Jerusalem,9,18,1220,מעונן חלקית
2026-02-11 16:45,2026-02-13,ירושלים,Jerusalem,12,22,1530,מעונן חלקית;  אפשרות לגשם
2026-02-11 16:45,2026-02-14,ירושלים,Jerusalem,10,17,1220,מעונן חלקית
2026-02-11 16:45,2026-02-15,ירושלים,Jerusalem,,21,1250,בהיר
2026-02-11 16:45,2026-02-11,לוד,Lod,13,,,
2026-02-11 16:45,2026-02-12,לוד,Lod,12,22,1220,מעונן חלקית
2026-02-11 16:45,2026-02-13,לוד,Lod,14,26,1530,מעונן חלקית;  אפשרות לגשם
2026-02-11 16:45,2026-02-14,לוד,Lod,13,21,1530,מעונן חלקית;  אפשרות לגשם
2026-02-11 16:45,2026-02-15,לוד,Lod,,25,1250,בהיר
2026-02-11 16:45,2026-02-11,מצפה רמון,Mizpe Ramon,12,,,
2026-02-11 16:45,2026-02-12,מצפה רמון,Mizpe Ramon,11,19,1220,מעונן חלקית
2026-02-11 16:45,2026-02-13,מצפה רמון,Mizpe Ramon,12,23,1230,מעונן
2026-02-11 16:45,2026-02-14,מצפה רמון,Mizpe Ramon,11,19,1250,בהיר
2026-02-11 16:45,2026-02-15,מצפה רמון,Mizpe Ramon,,22,1250,בהיר
2026-02-11 16:45,2026-02-11,נצרת,Nazareth,13,,,
2026-02-11 16:45,2026-02-12,נצרת,Nazareth,12,20,1220,מעונן חלקית
2026-02-11 16:45,2026-02-13,נצרת,Nazareth,14,22,1530,מעונן חלקית;  אפשרות לגשם
2026-02-11 16:45,2026-02-14,נצרת,Nazareth,13,18,1140,גשם
2026-02-11 16:45,2026-02-15,נצרת,Nazareth,,22,1250,בהיר
2026-02-11 16:45,2026-02-11,עין גדי,En Gedi,18,,,
2026-02-11 16:45,2026-02-12,עין גדי,En Gedi,17,24,1220,מעונן חלקית
2026-02-11 16:45,2026-02-13,עין גדי,En Gedi,18,28,1530,מעונן חלקית;  אפשרות לגשם
2026-02-11 16:45,2026-02-14,עין גדי,En Gedi,18,26,1220,מעונן חלקית
2026-02-11 16:45,2026-02-15,עין גדי,En Gedi,,25,1250,בהיר
2026-02-11 16:45,2026-02-11,עפולה,Afula,12,,,
2026-02-11 16:45,2026-02-12,עפולה,Afula,11,22,1220,מעונן חלקית
2026-02-11 16:45,2026-02-13,עפולה,Afula,12,25,1530,מעונן חלקית;  אפשרות לגשם
2026-02-11 16:45,2026-02-14,עפולה,Afula,13,20,1220,מעונן חלקית
2026-02-11 16:45,2026-02-15,עפולה,Afula,,24,1220,מעונן חלקית
2026-02-11 16:45,2026-02-11,צפת,Zefat,10,,,
2026-02-11 16:45,2026-02-12,צפת,Zefat,9,14,1220,מעונן חלקית
2026-02-11 16:45,2026-02-13,צפת,Zefat,10,16,1140,גשם
2026-02-11 16:45,2026-02-14,צפת,Zefat,10,13,1140,גשם
2026-02-11 16:45,2026-02-15,צפת,Zefat,,17,1250,בהיר
2026-02-11 16:45,2026-02-11,קצרין,Qazrin,12,,,
2026-02-11 16:45,2026-02-12,קצרין,Qazrin,11,18,1220,מעונן חלקית
2026-02-11 16:45,2026-02-13,קצרין,Qazrin,12,20,1530,מעונן חלקית;  אפשרות לגשם
2026-02-11 16:45,2026-02-14,קצרין,Qazrin,13,17,1140,גשם
2026-02-11 16:45,2026-02-15,קצרין,Qazrin,,22,1250,בהיר
2026-02-11 16:45,2026-02-11,תל אביב - יפו,Tel Aviv - Yafo,13,,,
2026-02-11 16:45,2026-02-12,תל אביב - יפו,Tel Aviv - Yafo,12,21,1220,מעונן חלקית
2026-02-11 16:45,2026-02-13,תל אביב - יפו,Tel Aviv - Yafo,14,26,1530,מעונן חלקית;  אפשרות לגשם
2026-02-11 16:45,2026-02-14,תל אביב - יפו,Tel Aviv - Yafo,14,20,1530,מעונן חלקית;  אפשרות לגשם
2026-02-11 16:45,2026-02-15,תל אביב - יפו,Tel Aviv - Yafo,,24,1250,בהיר
2026-02-12 04:22,2026-02-12,אילת,Elat,16,25,1250,בהיר
2026-02-12 04:22,2026-02-13,אילת,Elat,20,26,1230,מעונן
2026-02-12 04:22,2026-02-14,אילת,Elat,19,26,1250,בהיר
2026-02-12 04:22,2026-02-15,אילת,Elat,17,29,1250,בהיר
2026-02-12 04:22,2026-02-12,אשדוד,Ashdod,12,22,1220,מעונן חלקית
2026-02-12 04:22,2026-02-13,אשדוד,Ashdod,14,27,1530,מעונן חלקית;  אפשרות לגשם
2026-02-12 04:22,2026-02-14,אשדוד,Ashdod,13,21,1530,מעונן חלקית;  אפשרות לגשם
2026-02-12 04:22,2026-02-15,אשדוד,Ashdod,10,22,1250,בהיר
2026-02-12 04:22,2026-02-12,באר שבע,Beer Sheva,9,21,1220,מעונן חלקית
2026-02-12 04:22,2026-02-13,באר שבע,Beer Sheva,11,26,1220,מעונן חלקית
2026-02-12 04:22,2026-02-14,באר שבע,Beer Sheva,12,21,1250,בהיר
2026-02-12 04:22,2026-02-15,באר שבע,Beer Sheva,10,25,1250,בהיר
2026-02-12 04:22,2026-02-12,בית שאן,Bet Shean,14,24,1220,מעונן חלקית
2026-02-12 04:22,2026-02-13,בית שאן,Bet Shean,12,25,1530,מעונן חלקית;  אפשרות לגשם
2026-02-12 04:22,2026-02-14,בית שאן,Bet Shean,15,23,1140,גשם
2026-02-12 04:22,2026-02-15,בית שאן,Bet Shean,12,25,1250,בהיר
2026-02-12 04:22,2026-02-12,חיפה,Haifa,14,20,1220,מעונן חלקית
2026-02-12 04:22,2026-02-13,חיפה,Haifa,17,24,1530,מעונן חלקית;  אפשרות לגשם
2026-02-12 04:22,2026-02-14,חיפה,Haifa,15,20,1530,מעונן חלקית;  אפשרות לגשם
2026-02-12 04:22,2026-02-15,חיפה,Haifa,14,22,1250,בהיר
2026-02-12 04:22,2026-02-12,טבריה,Tiberias,13,21,1220,מעונן חלקית
2026-02-12 04:22,2026-02-13,טבריה,Tiberias,12,23,1530,מעונן חלקית;  אפשרות לגשם
2026-02-12 04:22,2026-02-14,טבריה,Tiberias,13,19,1140,גשם
2026-02-12 04:22,2026-02-15,טבריה,Tiberias,12,22,1250,בהיר
2026-02-12 04:22,2026-02-12,ירושלים,Jerusalem,9,17,1220,מעונן חלקית
2026-02-12 04:22,2026-02-13,ירושלים,Jerusalem,11,21,1220,מעונן חלקית
2026-02-12 04:22,2026-02-14,ירושלים,Jerusalem,10,16,1220,מעונן חלקית
2026-02-12 04:22,2026-02-15,ירושלים,Jerusalem,9,20,1250,בהיר
2026-02-12 04:22,2026-02-12,לוד,Lod,13,22,1220,מעונן חלקית
2026-02-12 04:22,2026-02-13,לוד,Lod,14,26,1530,מעונן חלקית;  אפשרות לגשם
2026-02-12 04:22,2026-02-14,לוד,Lod,14,20,1140,גשם
2026-02-12 04:22,2026-02-15,לוד,Lod,12,25,1250,בהיר
2026-02-12 04:22,2026-02-12,מצפה רמון,Mizpe Ramon,11,19,1250,בהיר
2026-02-12 04:22,2026-02-13,מצפה רמון,Mizpe Ramon,12,23,1250,בהיר
2026-02-12 04:22,2026-02-14,מצפה רמון,Mizpe Ramon,11,18,1250,בהיר
2026-02-12 04:22,2026-02-15,מצפה רמון,Mizpe Ramon,10,22,1250,בהיר
2026-02-12 04:22,2026-02-12,נצרת,Nazareth,13,20,1220,מעונן חלקית
2026-02-12 04:22,2026-02-13,נצרת,Nazareth,14,23,1560,מעונן;  גשם קל
2026-02-12 04:22,2026-02-14,נצרת,Nazareth,12,18,1140,גשם
2026-02-12 04:22,2026-02-15,נצרת,Nazareth,13,21,1250,בהיר
2026-02-12 04:22,2026-02-12,עין גדי,En Gedi,17,25,1220,מעונן חלקית
2026-02-12 04:22,2026-02-13,עין גדי,En Gedi,18,30,1230,מעונן
2026-02-12 04:22,2026-02-14,עין גדי,En Gedi,18,26,1250,בהיר
2026-02-12 04:22,2026-02-15,עין גדי,En Gedi,17,26,1250,בהיר
2026-02-12 04:22,2026-02-12,עפולה,Afula,12,22,1220,מעונן חלקית
2026-02-12 04:22,2026-02-13,עפולה,Afula,12,26,1560,מעונן;  גשם קל
2026-02-12 04:22,2026-02-14,עפולה,Afula,13,20,1140,גשם
2026-02-12 04:22,2026-02-15,עפולה,Afula,8,23,1250,בהיר
2026-02-12 04:22,2026-02-12,צפת,Zefat,9,15,1220,מעונן חלקית
2026-02-12 04:22,2026-02-13,צפת,Zefat,10,16,1530,מעונן חלקית;  אפשרות לגשם
2026-02-12 04:22,2026-02-14,צפת,Zefat,9,14,1140,גשם
2026-02-12 04:22,2026-02-15,צפת,Zefat,9,17,1250,בהיר
2026-02-12 04:22,2026-02-12,קצרין,Qazrin,11,18,1220,מעונן חלקית
2026-02-12 04:22,2026-02-13,קצרין,Qazrin,12,21,1560,מעונן;  גשם קל
2026-02-12 04:22,2026-02-14,קצרין,Qazrin,11,17,1140,גשם
2026-02-12 04:22,2026-02-15,קצרין,Qazrin,10,21,1250,בהיר
2026-02-12 04:22,2026-02-12,תל אביב - יפו,Tel Aviv - Yafo,13,22,1220,מעונן חלקית
2026-02-12 04:22,2026-02-13,תל אביב - יפו,Tel Aviv - Yafo,14,26,1530,מעונן חלקית;  אפשרות לגשם
2026-02-12 04:22,2026-02-14,תל אביב - יפו,Tel Aviv - Yafo,15,20,1530,מעונן חלקית;  אפשרות לגשם
2026-02-12 04:22,2026-02-15,תל אביב - יפו,Tel Aviv - Yafo,12,25,1250,בהיר
2026-02-12 17:48,2026-02-12,אילת,Elat,16,,,
2026-02-12 17:48,2026-02-13,אילת,Elat,16,23,1220,מעונן חלקית
2026-02-12 17:48,2026-02-14,אילת,Elat,16,27,1250,בהיר
2026-02-12 17:48,2026-02-15,אילת,Elat,15,28,1250,בהיר
2026-02-12 17:48,2026-02-16,אילת,Elat,,29,1220,מעונן חלקית
2026-02-12 17:48,2026-02-12,אשדוד,Ashdod,12,,,
2026-02-12 17:48,2026-02-13,אשדוד,Ashdod,14,27,1530,מעונן חלקית;  אפשרות לגשם
2026-02-12 17:48,2026-02-14,אשדוד,Ashdod,13,20,1250,בהיר
2026-02-12 17:48,2026-02-15,אשדוד,Ashdod,9,22,1250,בהיר
2026-02-12 17:48,2026-02-16,אשדוד,Ashdod,,25,1220,מעונן חלקית
2026-02-12 17:48,2026-02-12,באר שבע,Beer Sheva,9,,,
2026-02-12 17:48,2026-02-13,באר שבע,Beer Sheva,11,26,1220,מעונן חלקית
2026-02-12 17:48,2026-02-14,באר שבע,Beer Sheva,11,21,1250,בהיר
2026-02-12 17:48,2026-02-15,באר שבע,Beer Sheva,9,25,1250,בהיר
2026-02-12 17:48,2026-02-16,באר שבע,Beer Sheva,,31,1220,מעונן חלקית
2026-02-12 17:48,2026-02-12,בית שאן,Bet Shean,14,,,
2026-02-12 17:48,2026-02-13,בית שאן,Bet Shean,12,25,1560,מעונן;  גשם קל
2026-02-12 17:48,2026-02-14,בית שאן,Bet Shean,14,23,1530,מעונן חלקית;  אפשרות לגשם
2026-02-12 17:48,2026-02-15,בית שאן,Bet Shean,11,25,1250,בהיר
2026-02-12 17:48,2026-02-16,בית שאן,Bet Shean,,29,1220,מעונן חלקית
2026-02-12 17:48,2026-02-12,חיפה,Haifa,14,,,
2026-02-12 17:48,2026-02-13,חיפה,Haifa,15,24,1530,מעונן חלקית;  אפשרות לגשם
2026-02-12 17:48,2026-02-14,חיפה,Haifa,14,19,1530,מעונן חלקית;  אפשרות לגשם
2026-02-12 17:48,2026-02-15,חיפה,Haifa,14,22,1250,בהיר
2026-02-12 17:48,2026-02-16,חיפה,Haifa,,26,1260,רוחות ערות
2026-02-12 17:48,2026-02-12,טבריה,Tiberias,13,,,
2026-02-12 17:48,2026-02-13,טבריה,Tiberias,12,23,1560,מעונן;  גשם קל
2026-02-12 17:48,2026-02-14,טבריה,Tiberias,13,20,1140,גשם
2026-02-12 17:48,2026-02-15,טבריה,Tiberias,12,22,1250,בהיר
2026-02-12 17:48,2026-02-16,טבריה,Tiberias,,25,1220,מעונן חלקית
2026-02-12 17:48,2026-02-12,ירושלים,Jerusalem,9,,,
2026-02-12 17:48,2026-02-13,ירושלים,Jerusalem,12,22,1220,מעונן חלקית
2026-02-12 17:48,2026-02-14,ירושלים,Jerusalem,9,17,1250,בהיר
2026-02-12 17:48,2026-02-15,ירושלים,Jerusalem,9,21,1250,בהיר
2026-02-12 17:48,2026-02-16,ירושלים,Jerusalem,,26,1220,מעונן חלקית
2026-02-12 17:48,2026-02-12,לוד,Lod,13,,,
2026-02-12 17:48,2026-02-13,לוד,Lod,14,26,1530,מעונן חלקית;  אפשרות לגשם
2026-02-12 17:48,2026-02-14,לוד,Lod,13,21,1250,בהיר
2026-02-12 17:48,2026-02-15,לוד,Lod,11,24,1250,בהיר
2026-02-12 17:48,2026-02-16,לוד,Lod,,28,1220,מעונן חלקית
2026-02-12 17:48,2026-02-12,מצפה רמון,Mizpe Ramon,11,,,
2026-02-12 17:48,2026-02-13,מצפה רמון,Mizpe Ramon,13,23,1230,מעונן
2026-02-12 17:48,2026-02-14,מצפה רמון,Mizpe Ramon,12,19,1250,בהיר
2026-02-12 17:48,2026-02-15,מצפה רמון,Mizpe Ramon,11,22,1250,בהיר
2026-02-12 17:48,2026-02-16,מצפה רמון,Mizpe Ramon,,28,1220,מעונן חלקית
2026-02-12 17:48,2026-02-12,נצרת,Nazareth,13,,,
2026-02-12 17:48,2026-02-13,נצרת,Nazareth,14,22,1560,מעונן;  גשם קל
2026-02-12 17:48,2026-02-14,נצרת,Nazareth,13,18,1140,גשם
2026-02-12 17:48,2026-02-15,נצרת,Nazareth,12,21,1250,בהיר
2026-02-12 17:48,2026-02-16,נצרת,Nazareth,,24,1220,מעונן חלקית
2026-02-12 17:48,2026-02-12,עין גדי,En Gedi,17,,,
2026-02-12 17:48,2026-02-13,עין גדי,En Gedi,18,30,1230,מעונן
2026-02-12 17:48,2026-02-14,עין גדי,En Gedi,18,26,1250,בהיר
2026-02-12 17:48,2026-02-15,עין גדי,En Gedi,16,25,1250,בהיר
2026-02-12 17:48,2026-02-16,עין גדי,En Gedi,,29,1220,מעונן חלקית
2026-02-12 17:48,2026-02-12,עפולה,Afula,12,,,
2026-02-12 17:48,2026-02-13,עפולה,Afula,12,25,1560,מעונן;  גשם קל
2026-02-12 17:48,2026-02-14,עפולה,Afula,12,20,1140,גשם
2026-02-12 17:48,2026-02-15,עפולה,Afula,8,23,1220,מעונן חלקית
2026-02-12 17:48,2026-02-16,עפולה,Afula,,27,1220,מעונן חלקית
2026-02-12 17:48,2026-02-12,צפת,Zefat,9,,,
2026-02-12 17:48,2026-02-13,צפת,Zefat,10,16,1560,מעונן;  גשם קל
2026-02-12 17:48,2026-02-14,צפת,Zefat,9,14,1140,גשם
2026-02-12 17:48,2026-02-15,צפת,Zefat,9,17,1250,בהיר
2026-02-12 17:48,2026-02-16,צפת,Zefat,,21,1220,מעונן חלקית
2026-02-12 17:48,2026-02-12,קצרין,Qazrin,11,,,
2026-02-12 17:48,2026-02-13,קצרין,Qazrin,12,20,1560,מעונן;  גשם קל
2026-02-12 17:48,2026-02-14,קצרין,Qazrin,12,18,1140,גשם
2026-02-12 17:48,2026-02-15,קצרין,Qazrin,11,21,1250,בהיר
2026-02-12 17:48,2026-02-16,קצרין,Qazrin,,25,1220,מעונן חלקית
2026-02-12 17:48,2026-02-12,תל אביב - יפו,Tel Aviv - Yafo,13,,,
2026-02-12 17:48,2026-02-13,תל אביב - יפו,Tel Aviv - Yafo,14,26,1530,מעונן חלקית;  אפשרות לגשם
2026-02-12 17:48,2026-02-14,תל אביב - יפו,Tel Aviv - Yafo,14,20,1220,מעונן חלקית
2026-02-12 17:48,2026-02-15,תל אביב - יפו,Tel Aviv - Yafo,12,23,1250,בהיר
2026-02-12 17:48,2026-02-16,תל אביב - יפו,Tel Aviv - Yafo,,26,1220,מעונן חלקית
2026-02-13 04:47,2026-02-13,אילת,Elat,19,26,1250,בהיר
2026-02-13 04:47,2026-02-14,אילת,Elat,20,27,1250,בהיר
2026-02-13 04:47,2026-02-15,אילת,Elat,16,28,1250,בהיר
2026-02-13 04:47,2026-02-16,אילת,Elat,21,31,1250,בהיר
2026-02-13 04:47,2026-02-13,אשדוד,Ashdod,14,26,1230,מעונן
2026-02-13 04:47,2026-02-14,אשדוד,Ashdod,13,21,1250,בהיר
2026-02-13 04:47,2026-02-15,אשדוד,Ashdod,10,22,1250,בהיר
2026-02-13 04:47,2026-02-16,אשדוד,Ashdod,10,26,1220,מעונן חלקית
2026-02-13 04:47,2026-02-13,באר שבע,Beer Sheva,11,26,1230,מעונן
2026-02-13 04:47,2026-02-14,באר שבע,Beer Sheva,12,21,1250,בהיר
2026-02-13 04:47,2026-02-15,באר שבע,Beer Sheva,9,25,1250,בהיר
2026-02-13 04:47,2026-02-16,באר שבע,Beer Sheva,13,31,1250,בהיר
2026-02-13 04:47,2026-02-13,בית שאן,Bet Shean,12,26,1530,מעונן חלקית;  אפשרות לגשם
2026-02-13 04:47,2026-02-14,בית שאן,Bet Shean,15,22,1560,מעונן;  גשם קל
2026-02-13 04:47,2026-02-15,בית שאן,Bet Shean,12,25,1250,בהיר
2026-02-13 04:47,2026-02-16,בית שאן,Bet Shean,13,28,1220,מעונן חלקית
2026-02-13 04:47,2026-02-13,חיפה,Haifa,16,24,1530,מעונן חלקית;  אפשרות לגשם
2026-02-13 04:47,2026-02-14,חיפה,Haifa,15,19,1140,גשם
2026-02-13 04:47,2026-02-15,חיפה,Haifa,14,22,1250,בהיר
2026-02-13 04:47,2026-02-16,חיפה,Haifa,18,25,1260,רוחות ערות
2026-02-13 04:47,2026-02-13,טבריה,Tiberias,13,24,1530,מעונן חלקית;  אפשרות לגשם
2026-02-13 04:47,2026-02-14,טבריה,Tiberias,11,19,1140,גשם
2026-02-13 04:47,2026-02-15,טבריה,Tiberias,12,22,1250,בהיר
2026-02-13 04:47,2026-02-16,טבריה,Tiberias,14,25,1220,מעונן חלקית
2026-02-13 04:47,2026-02-13,ירושלים,Jerusalem,12,21,1220,מעונן חלקית
2026-02-13 04:47,2026-02-14,ירושלים,Jerusalem,9,16,1220,מעונן חלקית
2026-02-13 04:47,2026-02-15,ירושלים,Jerusalem,9,20,1250,בהיר
2026-02-13 04:47,2026-02-16,ירושלים,Jerusalem,15,26,1220,מעונן חלקית
2026-02-13 04:47,2026-02-13,לוד,Lod,14,26,1230,מעונן
2026-02-13 04:47,2026-02-14,לוד,Lod,14,20,1220,מעונן חלקית
2026-02-13 04:47,2026-02-15,לוד,Lod,11,24,1250,בהיר
2026-02-13 04:47,2026-02-16,לוד,Lod,14,28,1220,מעונן חלקית
2026-02-13 04:47,2026-02-13,מצפה רמון,Mizpe Ramon,13,23,1230,מעונן
2026-02-13 04:47,2026-02-14,מצפה רמון,Mizpe Ramon,11,19,1250,בהיר
2026-02-13 04:47,2026-02-15,מצפה רמון,Mizpe Ramon,10,22,1250,בהיר
2026-02-13 04:47,2026-02-16,מצפה רמון,Mizpe Ramon,15,27,1250,בהיר
2026-02-13 04:47,2026-02-13,נצרת,Nazareth,14,24,1560,מעונן;  גשם קל
2026-02-13 04:47,2026-02-14,נצרת,Nazareth,13,18,1140,גשם
2026-02-13 04:47,2026-02-15,נצרת,Nazareth,12,20,1250,בהיר
2026-02-13 04:47,2026-02-16,נצרת,Nazareth,15,24,1220,מעונן חלקית
2026-02-13 04:47,2026-02-13,עין גדי,En Gedi,18,31,1230,מעונן
2026-02-13 04:47,2026-02-14,עין גדי,En Gedi,18,26,1250,בהיר
2026-02-13 04:47,2026-02-15,עין גדי,En Gedi,16,26,1250,בהיר
2026-02-13 04:47,2026-02-16,עין גדי,En Gedi,20,29,1250,בהיר
2026-02-13 04:47,2026-02-13,עפולה,Afula,12,26,1530,מעונן חלקית;  אפשרות לגשם
2026-02-13 04:47,2026-02-14,עפולה,Afula,12,20,1140,גשם
2026-02-13 04:47,2026-02-15,עפולה,Afula,9,23,1250,בהיר
2026-02-13 04:47,2026-02-16,עפולה,Afula,13,26,1220,מעונן חלקית
2026-02-13 04:47,2026-02-13,צפת,Zefat,10,17,1560,מעונן;  גשם קל
2026-02-13 04:47,2026-02-14,צפת,Zefat,9,13,1140,גשם
2026-02-13 04:47,2026-02-15,צפת,Zefat,9,17,1250,בהיר
2026-02-13 04:47,2026-02-16,צפת,Zefat,14,20,1220,מעונן חלקית
2026-02-13 04:47,2026-02-13,קצרין,Qazrin,12,21,1560,מעונן;  גשם קל
2026-02-13 04:47,2026-02-14,קצרין,Qazrin,11,16,1140,גשם
2026-02-13 04:47,2026-02-15,קצרין,Qazrin,10,21,1250,בהיר
2026-02-13 04:47,2026-02-16,קצרין,Qazrin,16,24,1220,מעונן חלקית
2026-02-13 04:47,2026-02-13,תל אביב - יפו,Tel Aviv - Yafo,15,26,1230,מעונן
2026-02-13 04:47,2026-02-14,תל אביב - יפו,Tel Aviv - Yafo,15,20,1220,מעונן חלקית
2026-02-13 04:47,2026-02-15,תל אביב - יפו,Tel Aviv - Yafo,12,23,1250,בהיר
2026-02-13 04:47,2026-02-16,תל אביב - יפו,Tel Aviv - Yafo,15,27,1220,מעונן חלקית
2026-02-13 16:44,2026-02-13,אילת,Elat,19,,,
2026-02-13 16:44,2026-02-14,אילת,Elat,16,27,1250,בהיר
2026-02-13 16:44,2026-02-15,אילת,Elat,15,27,1250,בהיר
2026-02-13 16:44,2026-02-16,אילת,Elat,19,29,1250,בהיר
2026-02-13 16:44,2026-02-17,אילת,Elat,,24,1530,מעונן חלקית;  אפשרות לגשם
2026-02-13 16:44,2026-02-13,אשדוד,Ashdod,14,,,
2026-02-13 16:44,2026-02-14,אשדוד,Ashdod,13,21,1250,בהיר
2026-02-13 16:44,2026-02-15,אשדוד,Ashdod,9,22,1250,בהיר
2026-02-13 16:44,2026-02-16,אשדוד,Ashdod,12,26,1220,מעונן חלקית
2026-02-13 16:44,2026-02-17,אשדוד,Ashdod,,20,1530,מעונן חלקית;  אפשרות לגשם
2026-02-13 16:44,2026-02-13,באר שבע,Beer Sheva,11,,,
2026-02-13 16:44,2026-02-14,באר שבע,Beer Sheva,11,21,1250,בהיר
2026-02-13 16:44,2026-02-15,באר שבע,Beer Sheva,9,25,1250,בהיר
2026-02-13 16:44,2026-02-16,באר שבע,Beer Sheva,15,31,1250,בהיר
2026-02-13 16:44,2026-02-17,באר שבע,Beer Sheva,,19,1530,מעונן חלקית;  אפשרות לגשם
2026-02-13 16:44,2026-02-13,בית שאן,Bet Shean,12,,,
2026-02-13 16:44,2026-02-14,בית שאן,Bet Shean,14,20,1140,גשם
2026-02-13 16:44,2026-02-15,בית שאן,Bet Shean,11,24,1250,בהיר
2026-02-13 16:44,2026-02-16,בית שאן,Bet Shean,12,28,1250,בהיר
2026-02-13 16:44,2026-02-17,בית שאן,Bet Shean,,22,1530,מעונן חלקית;  אפשרות לגשם
2026-02-13 16:44,2026-02-13,חיפה,Haifa,16,,,
2026-02-13 16:44,2026-02-14,חיפה,Haifa,13,19,1530,מעונן חלקית;  אפשרות לגשם
2026-02-13 16:44,2026-02-15,חיפה,Haifa,14,22,1250,בהיר
2026-02-13 16:44,2026-02-16,חיפה,Haifa,18,25,1250,בהיר
2026-02-13 16:44,2026-02-17,חיפה,Haifa,,19,1220,מעונן חלקית
2026-02-13 16:44,2026-02-13,טבריה,Tiberias,13,,,
2026-02-13 16:44,2026-02-14,טבריה,Tiberias,13,19,1140,גשם
2026-02-13 16:44,2026-02-15,טבריה,Tiberias,11,21,1250,בהיר
2026-02-13 16:44,2026-02-16,טבריה,Tiberias,14,25,1220,מעונן חלקית
2026-02-13 16:44,2026-02-17,טבריה,Tiberias,,20,1220,מעונן חלקית
2026-02-13 16:44,2026-02-13,ירושלים,Jerusalem,12,,,
2026-02-13 16:44,2026-02-14,ירושלים,Jerusalem,9,17,1250,בהיר
2026-02-13 16:44,2026-02-15,ירושלים,Jerusalem,9,20,1250,בהיר
2026-02-13 16:44,2026-02-16,ירושלים,Jerusalem,15,25,1250,בהיר
2026-02-13 16:44,2026-02-17,ירושלים,Jerusalem,,18,1530,מעונן חלקית;  אפשרות לגשם
2026-02-13 16:44,2026-02-13,לוד,Lod,14,,,
2026-02-13 16:44,2026-02-14,לוד,Lod,14,21,1250,בהיר
2026-02-13 16:44,2026-02-15,לוד,Lod,11,23,1250,בהיר
2026-02-13 16:44,2026-02-16,לוד,Lod,16,28,1250,בהיר
2026-02-13 16:44,2026-02-17,לוד,Lod,,19,1530,מעונן חלקית;  אפשרות לגשם
2026-02-13 16:44,2026-02-13,מצפה רמון,Mizpe Ramon,13,,,
2026-02-13 16:44,2026-02-14,מצפה רמון,Mizpe Ramon,11,19,1250,בהיר
2026-02-13 16:44,2026-02-15,מצפה רמון,Mizpe Ramon,10,21,1250,בהיר
2026-02-13 16:44,2026-02-16,מצפה רמון,Mizpe Ramon,15,28,1250,בהיר
2026-02-13 16:44,2026-02-17,מצפה רמון,Mizpe Ramon,,20,1530,מעונן חלקית;  אפשרות לגשם
2026-02-13 16:44,2026-02-13,נצרת,Nazareth,14,,,
2026-02-13 16:44,2026-02-14,נצרת,Nazareth,12,17,1140,גשם
2026-02-13 16:44,2026-02-15,נצרת,Nazareth,12,21,1250,בהיר
2026-02-13 16:44,2026-02-16,נצרת,Nazareth,15,24,1220,מעונן חלקית
2026-02-13 16:44,2026-02-17,נצרת,Nazareth,,19,1220,מעונן חלקית
2026-02-13 16:44,2026-02-13,עין גדי,En Gedi,18,,,
2026-02-13 16:44,2026-02-14,עין גדי,En Gedi,18,26,1250,בהיר
2026-02-13 16:44,2026-02-15,עין גדי,En Gedi,16,24,1250,בהיר
2026-02-13 16:44,2026-02-16,עין גדי,En Gedi,21,28,1250,בהיר
2026-02-13 16:44,2026-02-17,עין גדי,En Gedi,,23,1220,מעונן חלקית
2026-02-13 16:44,2026-02-13,עפולה,Afula,12,,,
2026-02-13 16:44,2026-02-14,עפולה,Afula,12,19,1140,גשם
2026-02-13 16:44,2026-02-15,עפולה,Afula,9,23,1220,מעונן חלקית
2026-02-13 16:44,2026-02-16,עפולה,Afula,13,26,1220,מעונן חלקית
2026-02-13 16:44,2026-02-17,עפולה,Afula,,20,1220,מעונן חלקית
2026-02-13 16:44,2026-02-13,צפת,Zefat,10,,,
2026-02-13 16:44,2026-02-14,צפת,Zefat,9,13,1140,גשם
2026-02-13 16:44,2026-02-15,צפת,Zefat,9,16,1250,בהיר
2026-02-13 16:44,2026-02-16,צפת,Zefat,13,20,1220,מעונן חלקית
2026-02-13 16:44,2026-02-17,צפת,Zefat,,16,1220,מעונן חלקית
2026-02-13 16:44,2026-02-13,קצרין,Qazrin,12,,,
2026-02-13 16:44,2026-02-14,קצרין,Qazrin,11,16,1140,גשם
2026-02-13 16:44,2026-02-15,קצרין,Qazrin,9,21,1250,בהיר
2026-02-13 16:44,2026-02-16,קצרין,Qazrin,16,24,1220,מעונן חלקית
2026-02-13 16:44,2026-02-17,קצרין,Qazrin,,18,1530,מעונן חלקית;  אפשרות לגשם
2026-02-13 16:44,2026-02-13,תל אביב - יפו,Tel Aviv - Yafo,15,,,
2026-02-13 16:44,2026-02-14,תל אביב - יפו,Tel Aviv - Yafo,14,20,1250,בהיר
2026-02-13 16:44,2026-02-15,תל אביב - יפו,Tel Aviv - Yafo,11,22,1250,בהיר
2026-02-13 16:44,2026-02-16,תל אביב - יפו,Tel Aviv - Yafo,15,26,1220,מעונן חלקית
2026-02-13 16:44,2026-02-17,תל אביב - יפו,Tel Aviv - Yafo,,19,1530,מעונן חלקית;  אפשרות לגשם
2026-02-14 04:14,2026-02-14,אילת,Elat,19,27,1250,בהיר
2026-02-14 04:14,2026-02-15,אילת,Elat,16,28,1250,בהיר
2026-02-14 04:14,2026-02-16,אילת,Elat,21,31,1250,בהיר
2026-02-14 04:14,2026-02-17,אילת,Elat,21,28,1220,מעונן חלקית
2026-02-14 04:14,2026-02-14,אשדוד,Ashdod,13,20,1250,בהיר
2026-02-14 04:14,2026-02-15,אשדוד,Ashdod,9,22,1250,בהיר
2026-02-14 04:14,2026-02-16,אשדוד,Ashdod,9,26,1220,מעונן חלקית
2026-02-14 04:14,2026-02-17,אשדוד,Ashdod,13,20,1220,מעונן חלקית
2026-02-14 04:14,2026-02-14,באר שבע,Beer Sheva,12,21,1250,בהיר
2026-02-14 04:14,2026-02-15,באר שבע,Beer Sheva,9,24,1250,בהיר
2026-02-14 04:14,2026-02-16,באר שבע,Beer Sheva,13,30,1250,בהיר
2026-02-14 04:14,2026-02-17,באר שבע,Beer Sheva,12,20,1220,מעונן חלקית
2026-02-14 04:14,2026-02-14,בית שאן,Bet Shean,13,22,1140,גשם
2026-02-14 04:14,2026-02-15,בית שאן,Bet Shean,12,24,1250,בהיר
2026-02-14 04:14,2026-02-16,בית שאן,Bet Shean,12,27,1220,מעונן חלקית
2026-02-14 04:14,2026-02-17,בית שאן,Bet Shean,13,24,1220,מעונן חלקית
2026-02-14 04:14,2026-02-14,חיפה,Haifa,14,19,1530,מעונן חלקית;  אפשרות לגשם
2026-02-14 04:14,2026-02-15,חיפה,Haifa,14,22,1250,בהיר
2026-02-14 04:14,2026-02-16,חיפה,Haifa,18,25,1220,מעונן חלקית
2026-02-14 04:14,2026-02-17,חיפה,Haifa,14,22,1230,מעונן
2026-02-14 04:14,2026-02-14,טבריה,Tiberias,13,19,1140,גשם
2026-02-14 04:14,2026-02-15,טבריה,Tiberias,12,22,1250,בהיר
2026-02-14 04:14,2026-02-16,טבריה,Tiberias,14,25,1220,מעונן חלקית
2026-02-14 04:14,2026-02-17,טבריה,Tiberias,13,21,1220,מעונן חלקית
2026-02-14 04:14,2026-02-14,ירושלים,Jerusalem,9,16,1220,מעונן חלקית
2026-02-14 04:14,2026-02-15,ירושלים,Jerusalem,8,20,1250,בהיר
2026-02-14 04:14,2026-02-16,ירושלים,Jerusalem,14,25,1220,מעונן חלקית
2026-02-14 04:14,2026-02-17,ירושלים,Jerusalem,10,18,1230,מעונן
2026-02-14 04:14,2026-02-14,לוד,Lod,14,20,1530,מעונן חלקית;  אפשרות לגשם
2026-02-14 04:14,2026-02-15,לוד,Lod,11,23,1250,בהיר
2026-02-14 04:14,2026-02-16,לוד,Lod,12,28,1220,מעונן חלקית
2026-02-14 04:14,2026-02-17,לוד,Lod,13,20,1220,מעונן חלקית
2026-02-14 04:14,2026-02-14,מצפה רמון,Mizpe Ramon,11,18,1250,בהיר
2026-02-14 04:14,2026-02-15,מצפה רמון,Mizpe Ramon,10,22,1250,בהיר
2026-02-14 04:14,2026-02-16,מצפה רמון,Mizpe Ramon,15,27,1250,בהיר
2026-02-14 04:14,2026-02-17,מצפה רמון,Mizpe Ramon,12,20,1220,מעונן חלקית
2026-02-14 04:14,2026-02-14,נצרת,Nazareth,12,18,1530,מעונן חלקית;  אפשרות לגשם
2026-02-14 04:14,2026-02-15,נצרת,Nazareth,12,21,1250,בהיר
2026-02-14 04:14,2026-02-16,נצרת,Nazareth,15,24,1220,מעונן חלקית
2026-02-14 04:14,2026-02-17,נצרת,Nazareth,13,20,1220,מעונן חלקית
2026-02-14 04:14,2026-02-14,עין גדי,En Gedi,17,25,1250,בהיר
2026-02-14 04:14,2026-02-15,עין גדי,En Gedi,16,25,1250,בהיר
2026-02-14 04:14,2026-02-16,עין גדי,En Gedi,20,28,1250,בהיר
2026-02-14 04:14,2026-02-17,עין גדי,En Gedi,18,26,1220,מעונן חלקית
2026-02-14 04:14,2026-02-14,עפולה,Afula,12,20,1530,מעונן חלקית;  אפשרות לגשם
2026-02-14 04:14,2026-02-15,עפולה,Afula,9,23,1220,מעונן חלקית
2026-02-14 04:14,2026-02-16,עפולה,Afula,12,26,1220,מעונן חלקית
2026-02-14 04:14,2026-02-17,עפולה,Afula,11,21,1220,מעונן חלקית
2026-02-14 04:14,2026-02-14,צפת,Zefat,8,13,1140,גשם
2026-02-14 04:14,2026-02-15,צפת,Zefat,9,16,1250,בהיר
2026-02-14 04:14,2026-02-16,צפת,Zefat,13,20,1220,מעונן חלקית
2026-02-14 04:14,2026-02-17,צפת,Zefat,10,17,1220,מעונן חלקית
2026-02-14 04:14,2026-02-14,קצרין,Qazrin,11,18,1140,גשם
2026-02-14 04:14,2026-02-15,קצרין,Qazrin,9,21,1250,בהיר
2026-02-14 04:14,2026-02-16,קצרין,Qazrin,16,24,1220,מעונן חלקית
2026-02-14 04:14,2026-02-17,קצרין,Qazrin,12,20,1220,מעונן חלקית
2026-02-14 04:14,2026-02-14,תל אביב - יפו,Tel Aviv - Yafo,15,20,1530,מעונן חלקית;  אפשרות לגשם
2026-02-14 04:14,2026-02-15,תל אביב - יפו,Tel Aviv - Yafo,12,22,1250,בהיר
2026-02-14 04:14,2026-02-16,תל אביב - יפו,Tel Aviv - Yafo,15,28,1220,מעונן חלקית
2026-02-14 04:14,2026-02-17,תל אביב - יפו,Tel Aviv - Yafo,14,20,1220,מעונן חלקית
2026-02-14 16:27,2026-02-14,אילת,Elat,19,,,
2026-02-14 16:27,2026-02-15,אילת,Elat,15,27,1250,בהיר
2026-02-14 16:27,2026-02-16,אילת,Elat,20,30,1250,בהיר
2026-02-14 16:27,2026-02-17,אילת,Elat,18,25,1220,מעונן חלקית
2026-02-14 16:27,2026-02-18,אילת,Elat,,26,1250,בהיר
2026-02-14 16:27,2026-02-14,אשדוד,Ashdod,13,,,
2026-02-14 16:27,2026-02-15,אשדוד,Ashdod,9,22,1250,בהיר
2026-02-14 16:27,2026-02-16,אשדוד,Ashdod,9,26,1220,מעונן חלקית
2026-02-14 16:27,2026-02-17,אשדוד,Ashdod,12,19,1220,מעונן חלקית
2026-02-14 16:27,2026-02-18,אשדוד,Ashdod,,19,1250,בהיר
2026-02-14 16:27,2026-02-14,באר שבע,Beer Sheva,12,,,
2026-02-14 16:27,2026-02-15,באר שבע,Beer Sheva,9,24,1250,בהיר
2026-02-14 16:27,2026-02-16,באר שבע,Beer Sheva,12,29,1220,מעונן חלקית
2026-02-14 16:27,2026-02-17,באר שבע,Beer Sheva,12,19,1220,מעונן חלקית
2026-02-14 16:27,2026-02-18,באר שבע,Beer Sheva,,21,1250,בהיר
2026-02-14 16:27,2026-02-14,בית שאן,Bet Shean,13,,,
2026-02-14 16:27,2026-02-15,בית שאן,Bet Shean,11,24,1250,בהיר
2026-02-14 16:27,2026-02-16,בית שאן,Bet Shean,12,26,1220,מעונן חלקית
2026-02-14 16:27,2026-02-17,בית שאן,Bet Shean,13,22,1220,מעונן חלקית
2026-02-14 16:27,2026-02-18,בית שאן,Bet Shean,,24,1530,מעונן חלקית;  אפשרות לגשם
2026-02-14 16:27,2026-02-14,חיפה,Haifa,14,,,
2026-02-14 16:27,2026-02-15,חיפה,Haifa,14,22,1250,בהיר
2026-02-14 16:27,2026-02-16,חיפה,Haifa,17,25,1220,מעונן חלקית
2026-02-14 16:27,2026-02-17,חיפה,Haifa,15,20,1530,מעונן חלקית;  אפשרות לגשם
2026-02-14 16:27,2026-02-18,חיפה,Haifa,,19,1530,מעונן חלקית;  אפשרות לגשם
2026-02-14 16:27,2026-02-14,טבריה,Tiberias,13,,,
2026-02-14 16:27,2026-02-15,טבריה,Tiberias,11,21,1250,בהיר
2026-02-14 16:27,2026-02-16,טבריה,Tiberias,13,24,1220,מעונן חלקית
2026-02-14 16:27,2026-02-17,טבריה,Tiberias,13,20,1530,מעונן חלקית;  אפשרות לגשם
2026-02-14 16:27,2026-02-18,טבריה,Tiberias,,20,1530,מעונן חלקית;  אפשרות לגשם
2026-02-14 16:27,2026-02-14,ירושלים,Jerusalem,9,,,
2026-02-14 16:27,2026-02-15,ירושלים,Jerusalem,8,20,1250,בהיר
2026-02-14 16:27,2026-02-16,ירושלים,Jerusalem,12,24,1220,מעונן חלקית
2026-02-14 16:27,2026-02-17,ירושלים,Jerusalem,9,16,1230,מעונן
2026-02-14 16:27,2026-02-18,ירושלים,Jerusalem,,16,1220,מעונן חלקית
2026-02-14 16:27,2026-02-14,לוד,Lod,14,,,
2026-02-14 16:27,2026-02-15,לוד,Lod,10,23,1250,בהיר
2026-02-14 16:27,2026-02-16,לוד,Lod,11,28,1220,מעונן חלקית
2026-02-14 16:27,2026-02-17,לוד,Lod,13,19,1220,מעונן חלקית
2026-02-14 16:27,2026-02-18,לוד,Lod,,20,1250,בהיר
2026-02-14 16:27,2026-02-14,מצפה רמון,Mizpe Ramon,11,,,
2026-02-14 16:27,2026-02-15,מצפה רמון,Mizpe Ramon,11,21,1250,בהיר
2026-02-14 16:27,2026-02-16,מצפה רמון,Mizpe Ramon,15,27,1220,מעונן חלקית
2026-02-14 16:27,2026-02-17,מצפה רמון,Mizpe Ramon,12,19,1220,מעונן חלקית
2026-02-14 16:27,2026-02-18,מצפה רמון,Mizpe Ramon,,18,1250,בהיר
2026-02-14 16:27,2026-02-14,נצרת,Nazareth,12,,,
2026-02-14 16:27,2026-02-15,נצרת,Nazareth,12,21,1250,בהיר
2026-02-14 16:27,2026-02-16,נצרת,Nazareth,15,23,1220,מעונן חלקית
2026-02-14 16:27,2026-02-17,נצרת,Nazareth,13,18,1530,מעונן חלקית;  אפשרות לגשם
2026-02-14 16:27,2026-02-18,נצרת,Nazareth,,18,1530,מעונן חלקית;  אפשרות לגשם
2026-02-14 16:27,2026-02-14,עין גדי,En Gedi,17,,,
2026-02-14 16:27,2026-02-15,עין גדי,En Gedi,16,24,1250,בהיר
2026-02-14 16:27,2026-02-16,עין גדי,En Gedi,19,26,1220,מעונן חלקית
2026-02-14 16:27,2026-02-17,עין גדי,En Gedi,17,23,1220,מעונן חלקית
2026-02-14 16:27,2026-02-18,עין גדי,En Gedi,,25,1250,בהיר
2026-02-14 16:27,2026-02-14,עפולה,Afula,12,,,
2026-02-14 16:27,2026-02-15,עפולה,Afula,9,23,1220,מעונן חלקית
2026-02-14 16:27,2026-02-16,עפולה,Afula,12,25,1220,מעונן חלקית
2026-02-14 16:27,2026-02-17,עפולה,Afula,10,19,1220,מעונן חלקית
2026-02-14 16:27,2026-02-18,עפולה,Afula,,21,1560,מעונן;  גשם קל
2026-02-14 16:27,2026-02-14,צפת,Zefat,8,,,
2026-02-14 16:27,2026-02-15,צפת,Zefat,8,16,1250,בהיר
2026-02-14 16:27,2026-02-16,צפת,Zefat,13,20,1220,מעונן חלקית
2026-02-14 16:27,2026-02-17,צפת,Zefat,10,16,1530,מעונן חלקית;  אפשרות לגשם
2026-02-14 16:27,2026-02-18,צפת,Zefat,,13,1560,מעונן;  גשם קל
2026-02-14 16:27,2026-02-14,קצרין,Qazrin,11,,,
2026-02-14 16:27,2026-02-15,קצרין,Qazrin,9,21,1250,בהיר
2026-02-14 16:27,2026-02-16,קצרין,Qazrin,15,24,1220,מעונן חלקית
2026-02-14 16:27,2026-02-17,קצרין,Qazrin,12,18,1220,מעונן חלקית
2026-02-14 16:27,2026-02-18,קצרין,Qazrin,,18,1560,מעונן;  גשם קל
2026-02-14 16:27,2026-02-14,תל אביב - יפו,Tel Aviv - Yafo,15,,,
2026-02-14 16:27,2026-02-15,תל אביב - יפו,Tel Aviv - Yafo,11,22,1250,בהיר
2026-02-14 16:27,2026-02-16,תל אביב - יפו,Tel Aviv - Yafo,13,28,1220,מעונן חלקית
2026-02-14 16:27,2026-02-17,תל אביב - יפו,Tel Aviv - Yafo,13,19,1220,מעונן חלקית
2026-02-14 16:27,2026-02-18,תל אביב - יפו,Tel Aviv - Yafo,,19,1250,בהיר
2026-02-15 04:56,2026-02-15,אילת,Elat,16,28,1250,בהיר
2026-02-15 04:56,2026-02-16,אילת,Elat,22,31,1250,בהיר
2026-02-15 04:56,2026-02-17,אילת,Elat,21,25,1220,מעונן חלקית
2026-02-15 04:56,2026-02-18,אילת,Elat,17,26,1250,בהיר
2026-02-15 04:56,2026-02-15,אשדוד,Ashdod,10,22,1250,בהיר
2026-02-15 04:56,2026-02-16,אשדוד,Ashdod,8,24,1250,בהיר
2026-02-15 04:56,2026-02-17,אשדוד,Ashdod,12,20,1220,מעונן חלקית
2026-02-15 04:56,2026-02-18,אשדוד,Ashdod,12,20,1220,מעונן חלקית
2026-02-15 04:56,2026-02-15,באר שבע,Beer Sheva,9,24,1250,בהיר
2026-02-15 04:56,2026-02-16,באר שבע,Beer Sheva,13,30,1250,בהיר
2026-02-15 04:56,2026-02-17,באר שבע,Beer Sheva,12,20,1220,מעונן חלקית
2026-02-15 04:56,2026-02-18,באר שבע,Beer Sheva,10,21,1250,בהיר
2026-02-15 04:56,2026-02-15,בית שאן,Bet Shean,12,24,1250,בהיר
2026-02-15 04:56,2026-02-16,בית שאן,Bet Shean,12,27,1220,מעונן חלקית
2026-02-15 04:56,2026-02-17,בית שאן,Bet Shean,14,23,1220,מעונן חלקית
2026-02-15 04:56,2026-02-18,בית שאן,Bet Shean,12,24,1530,מעונן חלקית;  אפשרות לגשם
2026-02-15 04:56,2026-02-15,חיפה,Haifa,13,22,1250,בהיר
2026-02-15 04:56,2026-02-16,חיפה,Haifa,17,25,1220,מעונן חלקית
2026-02-15 04:56,2026-02-17,חיפה,Haifa,15,18,1220,מעונן חלקית
2026-02-15 04:56,2026-02-18,חיפה,Haifa,15,19,1530,מעונן חלקית;  אפשרות לגשם
2026-02-15 04:56,2026-02-15,טבריה,Tiberias,12,22,1250,בהיר
2026-02-15 04:56,2026-02-16,טבריה,Tiberias,14,25,1220,מעונן חלקית
2026-02-15 04:56,2026-02-17,טבריה,Tiberias,13,21,1220,מעונן חלקית
2026-02-15 04:56,2026-02-18,טבריה,Tiberias,12,21,1530,מעונן חלקית;  אפשרות לגשם
2026-02-15 04:56,2026-02-15,ירושלים,Jerusalem,8,20,1250,בהיר
2026-02-15 04:56,2026-02-16,ירושלים,Jerusalem,13,24,1250,בהיר
2026-02-15 04:56,2026-02-17,ירושלים,Jerusalem,9,17,1220,מעונן חלקית
2026-02-15 04:56,2026-02-18,ירושלים,Jerusalem,9,16,1220,מעונן חלקית
2026-02-15 04:56,2026-02-15,לוד,Lod,11,23,1250,בהיר
2026-02-15 04:56,2026-02-16,לוד,Lod,11,26,1220,מעונן חלקית
2026-02-15 04:56,2026-02-17,לוד,Lod,13,20,1220,מעונן חלקית
2026-02-15 04:56,2026-02-18,לוד,Lod,12,20,1220,מעונן חלקית
2026-02-15 04:56,2026-02-15,מצפה רמון,Mizpe Ramon,10,22,1250,בהיר
2026-02-15 04:56,2026-02-16,מצפה רמון,Mizpe Ramon,15,28,1250,בהיר
2026-02-15 04:56,2026-02-17,מצפה רמון,Mizpe Ramon,12,19,1220,מעונן חלקית
2026-02-15 04:56,2026-02-18,מצפה רמון,Mizpe Ramon,10,18,1250,בהיר
2026-02-15 04:56,2026-02-15,נצרת,Nazareth,12,21,1250,בהיר
2026-02-15 04:56,2026-02-16,נצרת,Nazareth,15,24,1220,מעונן חלקית
2026-02-15 04:56,2026-02-17,נצרת,Nazareth,13,19,1220,מעונן חלקית
2026-02-15 04:56,2026-02-18,נצרת,Nazareth,12,19,1530,מעונן חלקית;  אפשרות לגשם
2026-02-15 04:56,2026-02-15,עין גדי,En Gedi,16,25,1250,בהיר
2026-02-15 04:56,2026-02-16,עין גדי,En Gedi,20,28,1250,בהיר
2026-02-15 04:56,2026-02-17,עין גדי,En Gedi,19,25,1220,מעונן חלקית
2026-02-15 04:56,2026-02-18,עין גדי,En Gedi,17,26,1250,בהיר
2026-02-15 04:56,2026-02-15,עפולה,Afula,9,23,1220,מעונן חלקית
2026-02-15 04:56,2026-02-16,עפולה,Afula,13,26,1220,מעונן חלקית
2026-02-15 04:56,2026-02-17,עפולה,Afula,11,20,1220,מעונן חלקית
2026-02-15 04:56,2026-02-18,עפולה,Afula,9,21,1530,מעונן חלקית;  אפשרות לגשם
2026-02-15 04:56,2026-02-15,צפת,Zefat,8,17,1250,בהיר
2026-02-15 04:56,2026-02-16,צפת,Zefat,13,20,1220,מעונן חלקית
2026-02-15 04:56,2026-02-17,צפת,Zefat,10,16,1220,מעונן חלקית
2026-02-15 04:56,2026-02-18,צפת,Zefat,8,14,1530,מעונן חלקית;  אפשרות לגשם
2026-02-15 04:56,2026-02-15,קצרין,Qazrin,10,21,1250,בהיר
2026-02-15 04:56,2026-02-16,קצרין,Qazrin,16,24,1220,מעונן חלקית
2026-02-15 04:56,2026-02-17,קצרין,Qazrin,12,19,1220,מעונן חלקית
2026-02-15 04:56,2026-02-18,קצרין,Qazrin,10,19,1530,מעונן חלקית;  אפשרות לגשם
2026-02-15 04:56,2026-02-15,תל אביב - יפו,Tel Aviv - Yafo,12,23,1250,בהיר
2026-02-15 04:56,2026-02-16,תל אביב - יפו,Tel Aviv - Yafo,15,25,1220,מעונן חלקית
2026-02-15 04:56,2026-02-17,תל אביב - יפו,Tel Aviv - Yafo,13,19,1220,מעונן חלקית
2026-02-15 04:56,2026-02-18,תל אביב - יפו,Tel Aviv - Yafo,13,19,1220,מעונן חלקית
2026-02-15 16:34,2026-02-15,אילת,Elat,16,,,
2026-02-15 16:34,2026-02-16,אילת,Elat,19,30,1310,חם
2026-02-15 16:34,2026-02-17,אילת,Elat,18,27,1530,מעונן חלקית;  אפשרות לגשם
2026-02-15 16:34,2026-02-18,אילת,Elat,14,25,1250,בהיר
2026-02-15 16:34,2026-02-19,אילת,Elat,,23,1250,בהיר
2026-02-15 16:34,2026-02-15,אשדוד,Ashdod,10,,,
2026-02-15 16:34,2026-02-16,אשדוד,Ashdod,9,25,1220,מעונן חלקית
2026-02-15 16:34,2026-02-17,אשדוד,Ashdod,13,18,1530,מעונן חלקית;  אפשרות לגשם
2026-02-15 16:34,2026-02-18,אשדוד,Ashdod,12,19,1250,בהיר
2026-02-15 16:34,2026-02-19,אשדוד,Ashdod,,18,1220,מעונן חלקית
2026-02-15 16:34,2026-02-15,באר שבע,Beer Sheva,9,,,
2026-02-15 16:34,2026-02-16,באר שבע,Beer Sheva,13,30,1310,חם
2026-02-15 16:34,2026-02-17,באר שבע,Beer Sheva,11,18,1230,מעונן
2026-02-15 16:34,2026-02-18,באר שבע,Beer Sheva,10,21,1250,בהיר
2026-02-15 16:34,2026-02-19,באר שבע,Beer Sheva,,19,1220,מעונן חלקית
2026-02-15 16:34,2026-02-15,בית שאן,Bet Shean,12,,,
2026-02-15 16:34,2026-02-16,בית שאן,Bet Shean,12,26,1220,מעונן חלקית
2026-02-15 16:34,2026-02-17,בית שאן,Bet Shean,14,22,1530,מעונן חלקית;  אפשרות לגשם
2026-02-15 16:34,2026-02-18,בית שאן,Bet Shean,12,23,1220,מעונן חלקית
2026-02-15 16:34,2026-02-19,בית שאן,Bet Shean,,21,1250,בהיר
2026-02-15 16:34,2026-02-15,חיפה,Haifa,13,,,
2026-02-15 16:34,2026-02-16,חיפה,Haifa,18,25,1230,מעונן
2026-02-15 16:34,2026-02-17,חיפה,Haifa,15,18,1530,מעונן חלקית;  אפשרות לגשם
2026-02-15 16:34,2026-02-18,חיפה,Haifa,14,18,1530,מעונן חלקית;  אפשרות לגשם
2026-02-15 16:34,2026-02-19,חיפה,Haifa,,17,1220,מעונן חלקית
2026-02-15 16:34,2026-02-15,טבריה,Tiberias,12,,,
2026-02-15 16:34,2026-02-16,טבריה,Tiberias,14,25,1220,מעונן חלקית
2026-02-15 16:34,2026-02-17,טבריה,Tiberias,12,20,1530,מעונן חלקית;  אפשרות לגשם
2026-02-15 16:34,2026-02-18,טבריה,Tiberias,11,20,1530,מעונן חלקית;  אפשרות לגשם
2026-02-15 16:34,2026-02-19,טבריה,Tiberias,,18,1220,מעונן חלקית
2026-02-15 16:34,2026-02-15,ירושלים,Jerusalem,8,,,
2026-02-15 16:34,2026-02-16,ירושלים,Jerusalem,13,24,1250,בהיר
2026-02-15 16:34,2026-02-17,ירושלים,Jerusalem,9,17,1230,מעונן
2026-02-15 16:34,2026-02-18,ירושלים,Jerusalem,9,16,1220,מעונן חלקית
2026-02-15 16:34,2026-02-19,ירושלים,Jerusalem,,15,1220,מעונן חלקית
2026-02-15 16:34,2026-02-15,לוד,Lod,11,,,
2026-02-15 16:34,2026-02-16,לוד,Lod,11,26,1220,מעונן חלקית
2026-02-15 16:34,2026-02-17,לוד,Lod,13,19,1530,מעונן חלקית;  אפשרות לגשם
2026-02-15 16:34,2026-02-18,לוד,Lod,12,20,1250,בהיר
2026-02-15 16:34,2026-02-19,לוד,Lod,,19,1220,מעונן חלקית
2026-02-15 16:34,2026-02-15,מצפה רמון,Mizpe Ramon,10,,,
2026-02-15 16:34,2026-02-16,מצפה רמון,Mizpe Ramon,14,27,1220,מעונן חלקית
2026-02-15 16:34,2026-02-17,מצפה רמון,Mizpe Ramon,11,20,1230,מעונן
2026-02-15 16:34,2026-02-18,מצפה רמון,Mizpe Ramon,9,18,1250,בהיר
2026-02-15 16:34,2026-02-19,מצפה רמון,Mizpe Ramon,,17,1250,בהיר
2026-02-15 16:34,2026-02-15,נצרת,Nazareth,12,,,
2026-02-15 16:34,2026-02-16,נצרת,Nazareth,15,24,1220,מעונן חלקית
2026-02-15 16:34,2026-02-17,נצרת,Nazareth,13,18,1530,מעונן חלקית;  אפשרות לגשם
2026-02-15 16:34,2026-02-18,נצרת,Nazareth,12,18,1530,מעונן חלקית;  אפשרות לגשם
2026-02-15 16:34,2026-02-19,נצרת,Nazareth,,17,1220,מעונן חלקית
2026-02-15 16:34,2026-02-15,עין גדי,En Gedi,16,,,
2026-02-15 16:34,2026-02-16,עין גדי,En Gedi,20,26,1220,מעונן חלקית
2026-02-15 16:34,2026-02-17,עין גדי,En Gedi,17,23,1230,מעונן
2026-02-15 16:34,2026-02-18,עין גדי,En Gedi,16,25,1250,בהיר
2026-02-15 16:34,2026-02-19,עין גדי,En Gedi,,21,1250,בהיר
2026-02-15 16:34,2026-02-15,עפולה,Afula,9,,,
2026-02-15 16:34,2026-02-16,עפולה,Afula,12,26,1220,מעונן חלקית
2026-02-15 16:34,2026-02-17,עפולה,Afula,12,20,1530,מעונן חלקית;  אפשרות לגשם
2026-02-15 16:34,2026-02-18,עפולה,Afula,11,21,1530,מעונן חלקית;  אפשרות לגשם
2026-02-15 16:34,2026-02-19,עפולה,Afula,,19,1220,מעונן חלקית
2026-02-15 16:34,2026-02-15,צפת,Zefat,8,,,
2026-02-15 16:34,2026-02-16,צפת,Zefat,13,20,1220,מעונן חלקית
2026-02-15 16:34,2026-02-17,צפת,Zefat,10,16,1530,מעונן חלקית;  אפשרות לגשם
2026-02-15 16:34,2026-02-18,צפת,Zefat,8,13,1530,מעונן חלקית;  אפשרות לגשם
2026-02-15 16:34,2026-02-19,צפת,Zefat,,12,1220,מעונן חלקית
2026-02-15 16:34,2026-02-15,קצרין,Qazrin,10,,,
2026-02-15 16:34,2026-02-16,קצרין,Qazrin,16,24,1220,מעונן חלקית
2026-02-15 16:34,2026-02-17,קצרין,Qazrin,12,18,1530,מעונן חלקית;  אפשרות לגשם
2026-02-15 16:34,2026-02-18,קצרין,Qazrin,11,18,1530,מעונן חלקית;  אפשרות לגשם
2026-02-15 16:34,2026-02-19,קצרין,Qazrin,,17,1250,בהיר
2026-02-15 16:34,2026-02-15,תל אביב - יפו,Tel Aviv - Yafo,12,,,
2026-02-15 16:34,2026-02-16,תל אביב - יפו,Tel Aviv - Yafo,14,25,1220,מעונן חלקית
2026-02-15 16:34,2026-02-17,תל אביב - יפו,Tel Aviv - Yafo,14,18,1530,מעונן חלקית;  אפשרות לגשם
2026-02-15 16:34,2026-02-18,תל אביב - יפו,Tel Aviv - Yafo,13,19,1250,בהיר
2026-02-15 16:34,2026-02-19,תל אביב - יפו,Tel Aviv - Yafo,,18,1250,בהיר
2026-02-16 04:47,2026-02-16,אילת,Elat,21,31,1250,בהיר
2026-02-16 04:47,2026-02-17,אילת,Elat,20,29,1530,מעונן חלקית;  אפשרות לגשם
2026-02-16 04:47,2026-02-18,אילת,Elat,17,26,1250,בהיר
2026-02-16 04:47,2026-02-19,אילת,Elat,16,24,1250,בהיר
2026-02-16 04:47,2026-02-16,אשדוד,Ashdod,10,26,1220,מעונן חלקית
2026-02-16 04:47,2026-02-17,אשדוד,Ashdod,13,19,1530,מעונן חלקית;  אפשרות לגשם
2026-02-16 04:47,2026-02-18,אשדוד,Ashdod,12,20,1250,בהיר
2026-02-16 04:47,2026-02-19,אשדוד,Ashdod,11,19,1220,מעונן חלקית
2026-02-16 04:47,2026-02-16,באר שבע,Beer Sheva,12,30,1220,מעונן חלקית
2026-02-16 04:47,2026-02-17,באר שבע,Beer Sheva,11,18,1530,מעונן חלקית;  אפשרות לגשם
2026-02-16 04:47,2026-02-18,באר שבע,Beer Sheva,10,21,1250,בהיר
2026-02-16 04:47,2026-02-19,באר שבע,Beer Sheva,9,20,1250,בהיר
2026-02-16 04:47,2026-02-16,בית שאן,Bet Shean,12,27,1220,מעונן חלקית
2026-02-16 04:47,2026-02-17,בית שאן,Bet Shean,15,22,1530,מעונן חלקית;  אפשרות לגשם
2026-02-16 04:47,2026-02-18,בית שאן,Bet Shean,12,23,1250,בהיר
2026-02-16 04:47,2026-02-19,בית שאן,Bet Shean,12,22,1250,בהיר
2026-02-16 04:47,2026-02-16,חיפה,Haifa,18,25,1220,מעונן חלקית
2026-02-16 04:47,2026-02-17,חיפה,Haifa,15,19,1530,מעונן חלקית;  אפשרות לגשם
2026-02-16 04:47,2026-02-18,חיפה,Haifa,14,18,1530,מעונן חלקית;  אפשרות לגשם
2026-02-16 04:47,2026-02-19,חיפה,Haifa,14,18,1220,מעונן חלקית
2026-02-16 04:47,2026-02-16,טבריה,Tiberias,14,25,1220,מעונן חלקית
2026-02-16 04:47,2026-02-17,טבריה,Tiberias,13,19,1530,מעונן חלקית;  אפשרות לגשם
2026-02-16 04:47,2026-02-18,טבריה,Tiberias,11,20,1530,מעונן חלקית;  אפשרות לגשם
2026-02-16 04:47,2026-02-19,טבריה,Tiberias,12,18,1220,מעונן חלקית
2026-02-16 04:47,2026-02-16,ירושלים,Jerusalem,13,24,1220,מעונן חלקית
2026-02-16 04:47,2026-02-17,ירושלים,Jerusalem,9,17,1530,מעונן חלקית;  אפשרות לגשם
2026-02-16 04:47,2026-02-18,ירושלים,Jerusalem,9,16,1220,מעונן חלקית
2026-02-16 04:47,2026-02-19,ירושלים,Jerusalem,8,16,1220,מעונן חלקית
2026-02-16 04:47,2026-02-16,לוד,Lod,15,28,1220,מעונן חלקית
2026-02-16 04:47,2026-02-17,לוד,Lod,13,19,1530,מעונן חלקית;  אפשרות לגשם
2026-02-16 04:47,2026-02-18,לוד,Lod,12,20,1250,בהיר
2026-02-16 04:47,2026-02-19,לוד,Lod,12,19,1220,מעונן חלקית
2026-02-16 04:47,2026-02-16,מצפה רמון,Mizpe Ramon,15,27,1220,מעונן חלקית
2026-02-16 04:47,2026-02-17,מצפה רמון,Mizpe Ramon,11,19,1530,מעונן חלקית;  אפשרות לגשם
2026-02-16 04:47,2026-02-18,מצפה רמון,Mizpe Ramon,9,18,1250,בהיר
2026-02-16 04:47,2026-02-19,מצפה רמון,Mizpe Ramon,9,17,1250,בהיר
2026-02-16 04:47,2026-02-16,נצרת,Nazareth,15,24,1220,מעונן חלקית
2026-02-16 04:47,2026-02-17,נצרת,Nazareth,13,18,1530,מעונן חלקית;  אפשרות לגשם
2026-02-16 04:47,2026-02-18,נצרת,Nazareth,12,18,1530,מעונן חלקית;  אפשרות לגשם
2026-02-16 04:47,2026-02-19,נצרת,Nazareth,11,18,1220,מעונן חלקית
2026-02-16 04:47,2026-02-16,עין גדי,En Gedi,20,28,1220,מעונן חלקית
2026-02-16 04:47,2026-02-17,עין גדי,En Gedi,18,25,1530,מעונן חלקית;  אפשרות לגשם
2026-02-16 04:47,2026-02-18,עין גדי,En Gedi,17,25,1250,בהיר
2026-02-16 04:47,2026-02-19,עין גדי,En Gedi,15,22,1250,בהיר
2026-02-16 04:47,2026-02-16,עפולה,Afula,12,26,1220,מעונן חלקית
2026-02-16 04:47,2026-02-17,עפולה,Afula,12,19,1530,מעונן חלקית;  אפשרות לגשם
2026-02-16 04:47,2026-02-18,עפולה,Afula,10,20,1220,מעונן חלקית
2026-02-16 04:47,2026-02-19,עפולה,Afula,9,20,1220,מעונן חלקית
2026-02-16 04:47,2026-02-16,צפת,Zefat,13,20,1220,מעונן חלקית
2026-02-16 04:47,2026-02-17,צפת,Zefat,10,16,1530,מעונן חלקית;  אפשרות לגשם
2026-02-16 04:47,2026-02-18,צפת,Zefat,9,13,1530,מעונן חלקית;  אפשרות לגשם
2026-02-16 04:47,2026-02-19,צפת,Zefat,8,12,1220,מעונן חלקית
2026-02-16 04:47,2026-02-16,קצרין,Qazrin,15,24,1250,בהיר
2026-02-16 04:47,2026-02-17,קצרין,Qazrin,12,17,1560,מעונן;  גשם קל
2026-02-16 04:47,2026-02-18,קצרין,Qazrin,10,17,1530,מעונן חלקית;  אפשרות לגשם
2026-02-16 04:47,2026-02-19,קצרין,Qazrin,10,17,1220,מעונן חלקית
2026-02-16 04:47,2026-02-16,תל אביב - יפו,Tel Aviv - Yafo,15,27,1220,מעונן חלקית
2026-02-16 04:47,2026-02-17,תל אביב - יפו,Tel Aviv - Yafo,14,19,1530,מעונן חלקית;  אפשרות לגשם
2026-02-16 04:47,2026-02-18,תל אביב - יפו,Tel Aviv - Yafo,13,19,1250,בהיר
2026-02-16 04:47,2026-02-19,תל אביב - יפו,Tel Aviv - Yafo,11,19,1250,בהיר
