Region,Cycle,Month,Temp
כרמל וחיפה,1994-1995,12,7.9
כרמל וחיפה,1994-1995,1,6.1
כרמל וחיפה,1994-1995,2,5.7
ים המלח והערבה,1994-1995,3,7.5
כרמל וחיפה,1994-1995,3,8.1
ים המלח והערבה,1994-1995,4,6.7
כרמל וחיפה,1994-1995,4,9.1
ים המלח והערבה,1994-1995,5,11.8
כרמל וחיפה,1994-1995,5,12.2
ים המלח והערבה,1994-1995,6,17.4
כרמל וחיפה,1994-1995,6,17.8
ים המלח והערבה,1994-1995,7,22.3
כרמל וחיפה,1994-1995,7,21.1
ים המלח והערבה,1994-1995,8,20.5
כרמל וחיפה,1994-1995,8,21.2
יהודה ושומרון,1995-1996,9,13.2
ים המלח והערבה,1995-1996,9,17.7
כרמל וחיפה,1995-1996,9,19.4
יהודה ושומרון,1995-1996,10,9.4
ים המלח והערבה,1995-1996,10,12.8
כרמל וחיפה,1995-1996,10,15.6
מישור חוף צפוני,1995-1996,10,12.9
יהודה ושומרון,1995-1996,11,1.6
ים המלח והערבה,1995-1996,11,3.1
כרמל וחיפה,1995-1996,11,8.1
מישור חוף צפוני,1995-1996,11,5.8
יהודה ושומרון,1995-1996,12,3.3
ים המלח והערבה,1995-1996,12,6.5
כרמל וחיפה,1995-1996,12,9.6
מישור חוף צפוני,1995-1996,12,7.1
גליל וגולן,1995-1996,1,1.8
יהודה ושומרון,1995-1996,1,2.2
ים המלח והערבה,1995-1996,1,4.1
כרמל וחיפה,1995-1996,1,5.7
מישור חוף דרומי,1995-1996,1,4.4
מישור חוף צפוני,1995-1996,1,6.0
נגב,1995-1996,1,3.6
עמקי הצפון,1995-1996,1,4.0
גליל וגולן,1995-1996,2,2.5
יהודה ושומרון,1995-1996,2,4.0
ים המלח והערבה,1995-1996,2,5.2
כרמל וחיפה,1995-1996,2,6.8
מישור חוף דרומי,1995-1996,2,5.6
מישור חוף צפוני,1995-1996,2,6.4
נגב,1995-1996,2,5.7
עמקי הצפון,1995-1996,2,5.8
גליל וגולן,1995-1996,3,4.3
יהודה ושומרון,1995-1996,3,3.0
ים המלח והערבה,1995-1996,3,6.5
כרמל וחיפה,1995-1996,3,7.3
מישור חוף דרומי,1995-1996,3,6.8
מישור חוף צפוני,1995-1996,3,7.0
נגב,1995-1996,3,4.9
עמקי הצפון,1995-1996,3,7.2
גליל וגולן,1995-1996,4,5.2
יהודה ושומרון,1995-1996,4,5.7
ים המלח והערבה,1995-1996,4,9.6
כרמל וחיפה,1995-1996,4,9.9
מישור חוף דרומי,1995-1996,4,8.7
מישור חוף צפוני,1995-1996,4,9.4
נגב,1995-1996,4,7.5
עמקי הצפון,1995-1996,4,8.9
גליל וגולן,1995-1996,5,10.1
יהודה ושומרון,1995-1996,5,10.4
ים המלח והערבה,1995-1996,5,16.5
כרמל וחיפה,1995-1996,5,13.8
מישור חוף דרומי,1995-1996,5,13.3
מישור חוף צפוני,1995-1996,5,13.9
נגב,1995-1996,5,13.5
עמקי הצפון,1995-1996,5,14.3
גליל וגולן,1995-1996,6,13.8
יהודה ושומרון,1995-1996,6,12.9
ים המלח והערבה,1995-1996,6,18.1
כרמל וחיפה,1995-1996,6,17.4
מישור חוף דרומי,1995-1996,6,15.1
מישור חוף צפוני,1995-1996,6,17.1
נגב,1995-1996,6,15.1
עמקי הצפון,1995-1996,6,18.5
גליל וגולן,1995-1996,7,17.2
יהודה ושומרון,1995-1996,7,16.0
ים המלח והערבה,1995-1996,7,21.5
כרמל וחיפה,1995-1996,7,19.1
מישור חוף דרומי,1995-1996,7,18.5
מישור חוף צפוני,1995-1996,7,20.5
נגב,1995-1996,7,18.2
עמקי הצפון,1995-1996,7,21.3
גליל וגולן,1995-1996,8,16.4
יהודה ושומרון,1995-1996,8,16.3
ים המלח והערבה,1995-1996,8,20.6
כרמל וחיפה,1995-1996,8,20.6
מישור חוף דרומי,1995-1996,8,18.4
מישור חוף צפוני,1995-1996,8,20.6
נגב,1995-1996,8,17.2
עמקי הצפון,1995-1996,8,21.2
גליל וגולן,1996-1997,9,14.6
יהודה ושומרון,1996-1997,9,14.9
ים המלח והערבה,1996-1997,9,18.9
כרמל וחיפה,1996-1997,9,18.9
מישור חוף דרומי,1996-1997,9,17.4
מישור חוף צפוני,1996-1997,9,18.8
נגב,1996-1997,9,16.3
עמקי הצפון,1996-1997,9,19.0
גליל וגולן,1996-1997,10,9.6
יהודה ושומרון,1996-1997,10,9.7
ים המלח והערבה,1996-1997,10,11.4
כרמל וחיפה,1996-1997,10,12.6
מישור חוף דרומי,1996-1997,10,11.1
מישור חוף צפוני,1996-1997,10,13.1
נגב,1996-1997,10,10.5
עמקי הצפון,1996-1997,10,12.4
גליל וגולן,1996-1997,11,9.6
יהודה ושומרון,1996-1997,11,9.8
ים המלח והערבה,1996-1997,11,11.6
כרמל וחיפה,1996-1997,11,13.9
מישור חוף דרומי,1996-1997,11,10.1
מישור חוף צפוני,1996-1997,11,12.9
נגב,1996-1997,11,9.1
עמקי הצפון,1996-1997,11,12.9
גליל וגולן,1996-1997,12,6.5
יהודה ושומרון,1996-1997,12,5.8
ים המלח והערבה,1996-1997,12,5.3
כרמל וחיפה,1996-1997,12,8.5
מישור חוף דרומי,1996-1997,12,7.9
מישור חוף צפוני,1996-1997,12,9.6
נגב,1996-1997,12,5.6
עמקי הצפון,1996-1997,12,8.8
גליל וגולן,1996-1997,1,0.1
יהודה ושומרון,1996-1997,1,3.3
ים המלח והערבה,1996-1997,1,4.3
כרמל וחיפה,1996-1997,1,5.1
מישור חוף דרומי,1996-1997,1,5.4
מישור חוף צפוני,1996-1997,1,5.5
נגב,1996-1997,1,4.0
עמקי הצפון,1996-1997,1,3.7
גליל וגולן,1996-1997,2,-2.1
יהודה ושומרון,1996-1997,2,-0.1
ים המלח והערבה,1996-1997,2,1.0
כרמל וחיפה,1996-1997,2,1.8
מישור חוף דרומי,1996-1997,2,0.9
מישור חוף צפוני,1996-1997,2,2.4
נגב,1996-1997,2,1.4
עמקי הצפון,1996-1997,2,1.7
גליל וגולן,1996-1997,3,1.4
יהודה ושומרון,1996-1997,3,2.1
ים המלח והערבה,1996-1997,3,5.9
כרמל וחיפה,1996-1997,3,3.9
מישור חוף דרומי,1996-1997,3,3.0
מישור חוף צפוני,1996-1997,3,3.5
נגב,1996-1997,3,3.3
עמקי הצפון,1996-1997,3,5.6
גליל וגולן,1996-1997,4,-1.5
יהודה ושומרון,1996-1997,4,0.9
ים המלח והערבה,1996-1997,4,4.4
כרמל וחיפה,1996-1997,4,4.2
מישור חוף דרומי,1996-1997,4,3.8
מישור חוף צפוני,1996-1997,4,5.1
נגב,1996-1997,4,4.1
עמקי הצפון,1996-1997,4,2.0
גליל וגולן,1996-1997,5,9.2
יהודה ושומרון,1996-1997,5,9.2
ים המלח והערבה,1996-1997,5,12.8
כרמל וחיפה,1996-1997,5,12.4
מישור חוף דרומי,1996-1997,5,9.3
מישור חוף צפוני,1996-1997,5,11.9
נגב,1996-1997,5,9.7
עמקי הצפון,1996-1997,5,10.4
גליל וגולן,1996-1997,6,12.7
יהודה ושומרון,1996-1997,6,11.2
ים המלח והערבה,1996-1997,6,17.3
כרמל וחיפה,1996-1997,6,15.6
מישור חוף דרומי,1996-1997,6,14.0
מישור חוף צפוני,1996-1997,6,14.9
נגב,1996-1997,6,13.9
עמקי הצפון,1996-1997,6,16.5
גליל וגולן,1996-1997,7,16.6
יהודה ושומרון,1996-1997,7,16.1
ים המלח והערבה,1996-1997,7,21.0
כרמל וחיפה,1996-1997,7,21.3
מישור חוף דרומי,1996-1997,7,18.8
מישור חוף צפוני,1996-1997,7,19.5
נגב,1996-1997,7,18.8
עמקי הצפון,1996-1997,7,19.8
גליל וגולן,1996-1997,8,16.1
יהודה ושומרון,1996-1997,8,14.9
ים המלח והערבה,1996-1997,8,20.1
כרמל וחיפה,1996-1997,8,20.0
מישור חוף דרומי,1996-1997,8,18.0
מישור חוף צפוני,1996-1997,8,18.9
נגב,1996-1997,8,16.9
עמקי הצפון,1996-1997,8,20.0
גליל וגולן,1997-1998,9,12.8
יהודה ושומרון,1997-1998,9,13.1
ים המלח והערבה,1997-1998,9,17.3
כרמל וחיפה,1997-1998,9,17.9
מישור חוף דרומי,1997-1998,9,16.2
מישור חוף צפוני,1997-1998,9,16.7
נגב,1997-1998,9,15.2
עמקי הצפון,1997-1998,9,16.6
גליל וגולן,1997-1998,10,11.4
יהודה ושומרון,1997-1998,10,10.8
ים המלח והערבה,1997-1998,10,13.2
כרמל וחיפה,1997-1998,10,14.6
מישור חוף דרומי,1997-1998,10,13.6
מישור חוף צפוני,1997-1998,10,13.3
נגב,1997-1998,10,12.1
עמקי הצפון,1997-1998,10,13.9
גליל וגולן,1997-1998,11,8.9
יהודה ושומרון,1997-1998,11,9.1
ים המלח והערבה,1997-1998,11,10.1
כרמל וחיפה,1997-1998,11,12.5
מישור חוף דרומי,1997-1998,11,10.0
מישור חוף צפוני,1997-1998,11,12.1
נגב,1997-1998,11,10.2
עמקי הצפון,1997-1998,11,11.1
גליל וגולן,1997-1998,12,2.2
יהודה ושומרון,1997-1998,12,4.2
ים המלח והערבה,1997-1998,12,6.0
כרמל וחיפה,1997-1998,12,7.8
מישור חוף דרומי,1997-1998,12,8.1
מישור חוף צפוני,1997-1998,12,8.8
נגב,1997-1998,12,5.6
עמקי הצפון,1997-1998,12,7.0
גליל וגולן,1997-1998,1,0.0
יהודה ושומרון,1997-1998,1,1.6
ים המלח והערבה,1997-1998,1,3.6
כרמל וחיפה,1997-1998,1,0.6
מישור חוף דרומי,1997-1998,1,6.4
מישור חוף צפוני,1997-1998,1,3.1
נגב,1997-1998,1,3.6
עמקי הצפון,1997-1998,1,4.4
גליל וגולן,1997-1998,2,0.6
יהודה ושומרון,1997-1998,2,3.0
ים המלח והערבה,1997-1998,2,3.5
כרמל וחיפה,1997-1998,2,5.0
מישור חוף דרומי,1997-1998,2,6.3
מישור חוף צפוני,1997-1998,2,4.4
נגב,1997-1998,2,5.2
עמקי הצפון,1997-1998,2,3.5
גליל וגולן,1997-1998,3,1.9
יהודה ושומרון,1997-1998,3,2.8
ים המלח והערבה,1997-1998,3,6.2
כרמל וחיפה,1997-1998,3,5.9
מישור חוף דרומי,1997-1998,3,7.5
מישור חוף צפוני,1997-1998,3,7.0
נגב,1997-1998,3,4.0
עמקי הצפון,1997-1998,3,5.0
גליל וגולן,1997-1998,4,4.5
יהודה ושומרון,1997-1998,4,5.8
ים המלח והערבה,1997-1998,4,9.3
כרמל וחיפה,1997-1998,4,9.0
מישור חוף דרומי,1997-1998,4,11.1
מישור חוף צפוני,1997-1998,4,7.6
נגב,1997-1998,4,6.7
עמקי הצפון,1997-1998,4,7.9
גליל וגולן,1997-1998,5,7.5
יהודה ושומרון,1997-1998,5,10.9
ים המלח והערבה,1997-1998,5,16.2
כרמל וחיפה,1997-1998,5,12.6
מישור חוף דרומי,1997-1998,5,14.8
מישור חוף צפוני,1997-1998,5,11.5
נגב,1997-1998,5,11.8
עמקי הצפון,1997-1998,5,11.5
גליל וגולן,1997-1998,6,11.7
יהודה ושומרון,1997-1998,6,12.6
ים המלח והערבה,1997-1998,6,17.5
כרמל וחיפה,1997-1998,6,17.0
מישור חוף דרומי,1997-1998,6,17.4
מישור חוף צפוני,1997-1998,6,15.6
נגב,1997-1998,6,13.5
עמקי הצפון,1997-1998,6,16.5
גליל וגולן,1997-1998,7,14.7
יהודה ושומרון,1997-1998,7,16.6
ים המלח והערבה,1997-1998,7,21.9
כרמל וחיפה,1997-1998,7,19.4
מישור חוף דרומי,1997-1998,7,16.8
מישור חוף צפוני,1997-1998,7,18.9
נגב,1997-1998,7,16.1
עמקי הצפון,1997-1998,7,19.9
גליל וגולן,1997-1998,8,15.3
יהודה ושומרון,1997-1998,8,18.5
ים המלח והערבה,1997-1998,8,23.5
כרמל וחיפה,1997-1998,8,21.2
מישור חוף דרומי,1997-1998,8,19.2
מישור חוף צפוני,1997-1998,8,21.5
נגב,1997-1998,8,18.0
עמקי הצפון,1997-1998,8,21.2
גליל וגולן,1998-1999,9,14.4
יהודה ושומרון,1998-1999,9,15.6
ים המלח והערבה,1998-1999,9,18.8
כרמל וחיפה,1998-1999,9,18.9
מישור חוף דרומי,1998-1999,9,17.9
מישור חוף צפוני,1998-1999,9,18.5
נגב,1998-1999,9,16.3
עמקי הצפון,1998-1999,9,18.7
גליל וגולן,1998-1999,10,9.1
יהודה ושומרון,1998-1999,10,12.6
ים המלח והערבה,1998-1999,10,13.7
כרמל וחיפה,1998-1999,10,15.4
מישור חוף דרומי,1998-1999,10,12.9
מישור חוף צפוני,1998-1999,10,13.3
נגב,1998-1999,10,12.0
עמקי הצפון,1998-1999,10,12.9
גליל וגולן,1998-1999,11,8.5
יהודה ושומרון,1998-1999,11,9.6
ים המלח והערבה,1998-1999,11,11.9
כרמל וחיפה,1998-1999,11,13.6
מישור חוף דרומי,1998-1999,11,11.1
מישור חוף צפוני,1998-1999,11,13.1
נגב,1998-1999,11,9.3
עמקי הצפון,1998-1999,11,12.3
גוש דן והשרון,1998-1999,12,6.2
גליל וגולן,1998-1999,12,5.6
יהודה ושומרון,1998-1999,12,4.5
ים המלח והערבה,1998-1999,12,5.9
כרמל וחיפה,1998-1999,12,9.6
מישור חוף דרומי,1998-1999,12,6.2
מישור חוף צפוני,1998-1999,12,9.3
נגב,1998-1999,12,5.3
עמקי הצפון,1998-1999,12,6.2
גוש דן והשרון,1998-1999,1,4.1
גליל וגולן,1998-1999,1,2.9
יהודה ושומרון,1998-1999,1,4.6
ים המלח והערבה,1998-1999,1,5.2
כרמל וחיפה,1998-1999,1,7.7
מישור חוף דרומי,1998-1999,1,4.8
מישור חוף צפוני,1998-1999,1,6.5
נגב,1998-1999,1,4.4
עמקי הצפון,1998-1999,1,4.8
גוש דן והשרון,1998-1999,2,4.5
גליל וגולן,1998-1999,2,1.1
יהודה ושומרון,1998-1999,2,3.8
ים המלח והערבה,1998-1999,2,6.0
כרמל וחיפה,1998-1999,2,7.2
מישור חוף דרומי,1998-1999,2,4.1
מישור חוף צפוני,1998-1999,2,7.3
נגב,1998-1999,2,3.0
עמקי הצפון,1998-1999,2,4.6
גוש דן והשרון,1998-1999,3,5.1
גליל וגולן,1998-1999,3,3.9
יהודה ושומרון,1998-1999,3,5.4
ים המלח והערבה,1998-1999,3,9.2
כרמל וחיפה,1998-1999,3,9.3
מישור חוף דרומי,1998-1999,3,5.8
מישור חוף צפוני,1998-1999,3,8.8
נגב,1998-1999,3,5.8
עמקי הצפון,1998-1999,3,6.3
גוש דן והשרון,1998-1999,4,8.0
גליל וגולן,1998-1999,4,5.2
יהודה ושומרון,1998-1999,4,7.3
ים המלח והערבה,1998-1999,4,11.2
כרמל וחיפה,1998-1999,4,10.4
מישור חוף דרומי,1998-1999,4,7.9
מישור חוף צפוני,1998-1999,4,9.8
נגב,1998-1999,4,6.8
עמקי הצפון,1998-1999,4,7.9
גוש דן והשרון,1998-1999,5,13.3
גליל וגולן,1998-1999,5,12.4
יהודה ושומרון,1998-1999,5,12.0
ים המלח והערבה,1998-1999,5,17.0
כרמל וחיפה,1998-1999,5,15.2
מישור חוף דרומי,1998-1999,5,12.7
מישור חוף צפוני,1998-1999,5,14.7
נגב,1998-1999,5,11.4
עמקי הצפון,1998-1999,5,14.2
גוש דן והשרון,1998-1999,6,17.0
גליל וגולן,1998-1999,6,15.3
יהודה ושומרון,1998-1999,6,13.9
ים המלח והערבה,1998-1999,6,19.9
כרמל וחיפה,1998-1999,6,18.2
מישור חוף דרומי,1998-1999,6,15.6
מישור חוף צפוני,1998-1999,6,18.4
נגב,1998-1999,6,14.5
עמקי הצפון,1998-1999,6,19.2
גוש דן והשרון,1998-1999,7,20.2
גליל וגולן,1998-1999,7,18.5
יהודה ושומרון,1998-1999,7,15.6
ים המלח והערבה,1998-1999,7,21.9
כרמל וחיפה,1998-1999,7,20.8
מישור חוף דרומי,1998-1999,7,19.7
מישור חוף צפוני,1998-1999,7,21.2
נגב,1998-1999,7,17.1
עמקי הצפון,1998-1999,7,21.4
גוש דן והשרון,1998-1999,8,20.1
גליל וגולן,1998-1999,8,19.9
יהודה ושומרון,1998-1999,8,17.5
ים המלח והערבה,1998-1999,8,23.7
כרמל וחיפה,1998-1999,8,21.5
מישור חוף דרומי,1998-1999,8,19.2
מישור חוף צפוני,1998-1999,8,21.5
נגב,1998-1999,8,17.4
עמקי הצפון,1998-1999,8,22.0
גוש דן והשרון,1999-2000,9,17.0
גליל וגולן,1999-2000,9,18.4
יהודה ושומרון,1999-2000,9,16.6
ים המלח והערבה,1999-2000,9,20.3
כרמל וחיפה,1999-2000,9,20.9
מישור חוף דרומי,1999-2000,9,18.3
מישור חוף צפוני,1999-2000,9,19.0
נגב,1999-2000,9,16.1
עמקי הצפון,1999-2000,9,19.2
גוש דן והשרון,1999-2000,10,13.5
גליל וגולן,1999-2000,10,14.7
יהודה ושומרון,1999-2000,10,14.2
ים המלח והערבה,1999-2000,10,17.9
כרמל וחיפה,1999-2000,10,17.1
מישור חוף דרומי,1999-2000,10,14.6
מישור חוף צפוני,1999-2000,10,14.6
נגב,1999-2000,10,13.7
עמקי הצפון,1999-2000,10,15.1
גוש דן והשרון,1999-2000,11,2.6
גליל וגולן,1999-2000,11,2.5
יהודה ושומרון,1999-2000,11,5.0
ים המלח והערבה,1999-2000,11,7.5
כרמל וחיפה,1999-2000,11,8.9
מישור חוף דרומי,1999-2000,11,5.1
מישור חוף צפוני,1999-2000,11,8.0
נגב,1999-2000,11,5.0
עמקי הצפון,1999-2000,11,4.1
גוש דן והשרון,1999-2000,12,1.6
גליל וגולן,1999-2000,12,3.0
יהודה ושומרון,1999-2000,12,5.8
ים המלח והערבה,1999-2000,12,5.1
כרמל וחיפה,1999-2000,12,8.0
מישור חוף דרומי,1999-2000,12,3.5
מישור חוף צפוני,1999-2000,12,7.4
נגב,1999-2000,12,4.3
עמקי הצפון,1999-2000,12,4.5
גוש דן והשרון,1999-2000,1,2.3
גליל וגולן,1999-2000,1,0.2
יהודה ושומרון,1999-2000,1,0.0
ים המלח והערבה,1999-2000,1,2.9
כרמל וחיפה,1999-2000,1,1.7
מישור חוף דרומי,1999-2000,1,2.3
מישור חוף צפוני,1999-2000,1,4.4
נגב,1999-2000,1,-0.4
עמקי הצפון,1999-2000,1,2.8
גוש דן והשרון,1999-2000,2,2.9
גליל וגולן,1999-2000,2,2.0
יהודה ושומרון,1999-2000,2,4.3
ים המלח והערבה,1999-2000,2,5.3
כרמל וחיפה,1999-2000,2,6.3
מישור חוף דרומי,1999-2000,2,4.2
מישור חוף צפוני,1999-2000,2,4.5
נגב,1999-2000,2,4.0
עמקי הצפון,1999-2000,2,2.7
גוש דן והשרון,1999-2000,3,5.5
גליל וגולן,1999-2000,3,0.0
יהודה ושומרון,1999-2000,3,2.6
ים המלח והערבה,1999-2000,3,6.2
כרמל וחיפה,1999-2000,3,5.2
מישור חוף דרומי,1999-2000,3,5.1
מישור חוף צפוני,1999-2000,3,4.6
נגב,1999-2000,3,3.6
עמקי הצפון,1999-2000,3,2.3
גוש דן והשרון,1999-2000,4,8.9
גליל וגולן,1999-2000,4,5.4
יהודה ושומרון,1999-2000,4,7.3
ים המלח והערבה,1999-2000,4,12.0
כרמל וחיפה,1999-2000,4,10.6
מישור חוף דרומי,1999-2000,4,8.6
מישור חוף צפוני,1999-2000,4,8.7
נגב,1999-2000,4,8.0
עמקי הצפון,1999-2000,4,8.7
גוש דן והשרון,1999-2000,5,11.0
גליל וגולן,1999-2000,5,7.4
יהודה ושומרון,1999-2000,5,9.6
ים המלח והערבה,1999-2000,5,15.0
כרמל וחיפה,1999-2000,5,12.3
מישור חוף דרומי,1999-2000,5,10.4
מישור חוף צפוני,1999-2000,5,12.0
נגב,1999-2000,5,9.2
עמקי הצפון,1999-2000,5,11.9
גוש דן והשרון,1999-2000,6,17.0
גליל וגולן,1999-2000,6,13.3
יהודה ושומרון,1999-2000,6,13.9
ים המלח והערבה,1999-2000,6,19.9
כרמל וחיפה,1999-2000,6,17.7
מישור חוף דרומי,1999-2000,6,15.9
מישור חוף צפוני,1999-2000,6,16.9
נגב,1999-2000,6,14.6
עמקי הצפון,1999-2000,6,17.3
גוש דן והשרון,1999-2000,7,19.9
גליל וגולן,1999-2000,7,16.1
יהודה ושומרון,1999-2000,7,17.1
ים המלח והערבה,1999-2000,7,23.1
כרמל וחיפה,1999-2000,7,21.0
מישור חוף דרומי,1999-2000,7,18.9
מישור חוף צפוני,1999-2000,7,21.1
נגב,1999-2000,7,17.7
עמקי הצפון,1999-2000,7,21.8
גוש דן והשרון,1999-2000,8,19.9
גליל וגולן,1999-2000,8,16.3
יהודה ושומרון,1999-2000,8,16.6
ים המלח והערבה,1999-2000,8,22.6
כרמל וחיפה,1999-2000,8,21.7
מישור חוף דרומי,1999-2000,8,19.6
מישור חוף צפוני,1999-2000,8,21.0
נגב,1999-2000,8,17.1
עמקי הצפון,1999-2000,8,21.4
גוש דן והשרון,2000-2001,9,15.8
גליל וגולן,2000-2001,9,13.0
יהודה ושומרון,2000-2001,9,14.1
ים המלח והערבה,2000-2001,9,19.5
כרמל וחיפה,2000-2001,9,18.8
מישור חוף דרומי,2000-2001,9,16.1
מישור חוף צפוני,2000-2001,9,18.4
נגב,2000-2001,9,14.9
עמקי הצפון,2000-2001,9,16.4
גוש דן והשרון,2000-2001,10,11.1
גליל וגולן,2000-2001,10,11.4
יהודה ושומרון,2000-2001,10,9.8
ים המלח והערבה,2000-2001,10,13.2
כרמל וחיפה,2000-2001,10,11.7
מישור חוף דרומי,2000-2001,10,12.3
מישור חוף צפוני,2000-2001,10,12.5
נגב,2000-2001,10,10.2
עמקי הצפון,2000-2001,10,10.9
גוש דן והשרון,2000-2001,11,7.3
גליל וגולן,2000-2001,11,7.7
יהודה ושומרון,2000-2001,11,9.2
ים המלח והערבה,2000-2001,11,9.3
כרמל וחיפה,2000-2001,11,11.6
מישור חוף דרומי,2000-2001,11,8.2
מישור חוף צפוני,2000-2001,11,10.6
נגב,2000-2001,11,8.2
עמקי הצפון,2000-2001,11,8.7
גוש דן והשרון,2000-2001,12,3.9
גליל וגולן,2000-2001,12,5.2
יהודה ושומרון,2000-2001,12,6.0
ים המלח והערבה,2000-2001,12,5.3
כרמל וחיפה,2000-2001,12,8.8
מישור חוף דרומי,2000-2001,12,6.2
מישור חוף צפוני,2000-2001,12,8.5
נגב,2000-2001,12,5.3
עמקי הצפון,2000-2001,12,5.8
גוש דן והשרון,2000-2001,1,1.3
גליל וגולן,2000-2001,1,1.0
יהודה ושומרון,2000-2001,1,3.4
ים המלח והערבה,2000-2001,1,2.8
כרמל וחיפה,2000-2001,1,5.8
מישור חוף דרומי,2000-2001,1,2.9
מישור חוף צפוני,2000-2001,1,4.7
נגב,2000-2001,1,2.6
עמקי הצפון,2000-2001,1,2.3
גוש דן והשרון,2000-2001,2,3.2
גליל וגולן,2000-2001,2,2.9
יהודה ושומרון,2000-2001,2,3.2
ים המלח והערבה,2000-2001,2,5.6
כרמל וחיפה,2000-2001,2,6.7
מישור חוף דרומי,2000-2001,2,5.7
מישור חוף צפוני,2000-2001,2,6.5
נגב,2000-2001,2,3.5
עמקי הצפון,2000-2001,2,4.8
גוש דן והשרון,2000-2001,3,6.6
גליל וגולן,2000-2001,3,6.2
יהודה ושומרון,2000-2001,3,8.5
ים המלח והערבה,2000-2001,3,10.3
כרמל וחיפה,2000-2001,3,10.4
מישור חוף דרומי,2000-2001,3,7.4
מישור חוף צפוני,2000-2001,3,8.1
נגב,2000-2001,3,7.3
עמקי הצפון,2000-2001,3,8.3
גוש דן והשרון,2000-2001,4,9.2
גליל וגולן,2000-2001,4,7.3
יהודה ושומרון,2000-2001,4,9.1
ים המלח והערבה,2000-2001,4,12.9
כרמל וחיפה,2000-2001,4,12.1
מישור חוף דרומי,2000-2001,4,9.3
מישור חוף צפוני,2000-2001,4,10.5
נגב,2000-2001,4,8.2
עמקי הצפון,2000-2001,4,10.5
גוש דן והשרון,2000-2001,5,9.8
גליל וגולן,2000-2001,5,10.1
יהודה ושומרון,2000-2001,5,10.9
ים המלח והערבה,2000-2001,5,16.1
כרמל וחיפה,2000-2001,5,13.6
מישור חוף דרומי,2000-2001,5,11.2
מישור חוף צפוני,2000-2001,5,12.8
נגב,2000-2001,5,11.1
עמקי הצפון,2000-2001,5,11.8
גוש דן והשרון,2000-2001,6,15.0
גליל וגולן,2000-2001,6,14.1
יהודה ושומרון,2000-2001,6,13.8
ים המלח והערבה,2000-2001,6,18.4
כרמל וחיפה,2000-2001,6,17.2
מישור חוף דרומי,2000-2001,6,14.9
מישור חוף צפוני,2000-2001,6,16.7
נגב,2000-2001,6,14.2
עמקי הצפון,2000-2001,6,16.6
גוש דן והשרון,2000-2001,7,18.2
גליל וגולן,2000-2001,7,17.1
יהודה ושומרון,2000-2001,7,15.4
ים המלח והערבה,2000-2001,7,22.5
כרמל וחיפה,2000-2001,7,19.9
מישור חוף דרומי,2000-2001,7,18.1
מישור חוף צפוני,2000-2001,7,19.2
נגב,2000-2001,7,16.1
עמקי הצפון,2000-2001,7,20.3
גוש דן והשרון,2000-2001,8,20.2
גליל וגולן,2000-2001,8,18.2
יהודה ושומרון,2000-2001,8,17.7
ים המלח והערבה,2000-2001,8,23.8
כרמל וחיפה,2000-2001,8,21.6
מישור חוף דרומי,2000-2001,8,19.8
מישור חוף צפוני,2000-2001,8,22.4
נגב,2000-2001,8,17.7
עמקי הצפון,2000-2001,8,22.3
גוש דן והשרון,2001-2002,9,18.5
גליל וגולן,2001-2002,9,14.4
יהודה ושומרון,2001-2002,9,15.2
ים המלח והערבה,2001-2002,9,20.1
כרמל וחיפה,2001-2002,9,20.1
מישור חוף דרומי,2001-2002,9,18.1
מישור חוף צפוני,2001-2002,9,19.1
נגב,2001-2002,9,15.5
עמקי הצפון,2001-2002,9,19.6
גוש דן והשרון,2001-2002,10,13.4
גליל וגולן,2001-2002,10,10.4
יהודה ושומרון,2001-2002,10,12.1
ים המלח והערבה,2001-2002,10,14.9
כרמל וחיפה,2001-2002,10,15.7
מישור חוף דרומי,2001-2002,10,13.2
מישור חוף צפוני,2001-2002,10,15.3
נגב,2001-2002,10,11.2
עמקי הצפון,2001-2002,10,13.6
גוש דן והשרון,2001-2002,11,5.9
גליל וגולן,2001-2002,11,3.9
יהודה ושומרון,2001-2002,11,5.7
ים המלח והערבה,2001-2002,11,8.3
כרמל וחיפה,2001-2002,11,8.0
מישור חוף דרומי,2001-2002,11,7.8
מישור חוף צפוני,2001-2002,11,8.6
נגב,2001-2002,11,5.1
עמקי הצפון,2001-2002,11,3.9
גוש דן והשרון,2001-2002,12,4.4
גליל וגולן,2001-2002,12,2.8
יהודה ושומרון,2001-2002,12,4.9
ים המלח והערבה,2001-2002,12,6.8
כרמל וחיפה,2001-2002,12,6.8
מישור חוף דרומי,2001-2002,12,6.0
מישור חוף צפוני,2001-2002,12,8.2
נגב,2001-2002,12,4.0
עמקי הצפון,2001-2002,12,5.8
גוש דן והשרון,2001-2002,1,2.8
גליל וגולן,2001-2002,1,0.8
יהודה ושומרון,2001-2002,1,0.7
ים המלח והערבה,2001-2002,1,5.3
כרמל וחיפה,2001-2002,1,3.9
מישור חוף דרומי,2001-2002,1,1.8
מישור חוף צפוני,2001-2002,1,5.1
נגב,2001-2002,1,0.8
עמקי הצפון,2001-2002,1,3.4
גוש דן והשרון,2001-2002,2,2.4
גליל וגולן,2001-2002,2,3.4
יהודה ושומרון,2001-2002,2,4.2
ים המלח והערבה,2001-2002,2,6.0
כרמל וחיפה,2001-2002,2,7.7
מישור חוף דרומי,2001-2002,2,3.9
מישור חוף צפוני,2001-2002,2,6.3
נגב,2001-2002,2,3.7
עמקי הצפון,2001-2002,2,3.0
גוש דן והשרון,2001-2002,3,5.6
גליל וגולן,2001-2002,3,3.9
יהודה ושומרון,2001-2002,3,4.3
ים המלח והערבה,2001-2002,3,10.1
כרמל וחיפה,2001-2002,3,6.8
מישור חוף דרומי,2001-2002,3,6.4
מישור חוף צפוני,2001-2002,3,6.7
נגב,2001-2002,3,5.8
עמקי הצפון,2001-2002,3,5.9
גוש דן והשרון,2001-2002,4,8.8
גליל וגולן,2001-2002,4,5.9
יהודה ושומרון,2001-2002,4,5.5
ים המלח והערבה,2001-2002,4,13.6
כרמל וחיפה,2001-2002,4,8.1
מישור חוף דרומי,2001-2002,4,9.4
מישור חוף צפוני,2001-2002,4,9.8
נגב,2001-2002,4,7.2
עמקי הצפון,2001-2002,4,9.3
גוש דן והשרון,2001-2002,5,10.6
גליל וגולן,2001-2002,5,9.0
יהודה ושומרון,2001-2002,5,9.1
ים המלח והערבה,2001-2002,5,16.1
כרמל וחיפה,2001-2002,5,12.9
מישור חוף דרומי,2001-2002,5,10.8
מישור חוף צפוני,2001-2002,5,11.6
נגב,2001-2002,5,10.1
עמקי הצפון,2001-2002,5,11.8
גוש דן והשרון,2001-2002,6,15.5
גליל וגולן,2001-2002,6,11.9
יהודה ושומרון,2001-2002,6,12.7
ים המלח והערבה,2001-2002,6,19.9
כרמל וחיפה,2001-2002,6,17.1
מישור חוף דרומי,2001-2002,6,14.7
מישור חוף צפוני,2001-2002,6,17.5
נגב,2001-2002,6,12.9
עמקי הצפון,2001-2002,6,16.7
גוש דן והשרון,2001-2002,7,19.3
גליל וגולן,2001-2002,7,16.9
יהודה ושומרון,2001-2002,7,17.3
ים המלח והערבה,2001-2002,7,25.2
כרמל וחיפה,2001-2002,7,21.2
מישור חוף דרומי,2001-2002,7,19.0
מישור חוף צפוני,2001-2002,7,19.8
נגב,2001-2002,7,17.9
עמקי הצפון,2001-2002,7,21.1
גוש דן והשרון,2001-2002,8,20.4
גליל וגולן,2001-2002,8,17.0
יהודה ושומרון,2001-2002,8,17.4
ים המלח והערבה,2001-2002,8,24.8
כרמל וחיפה,2001-2002,8,21.5
מישור חוף דרומי,2001-2002,8,19.8
מישור חוף צפוני,2001-2002,8,21.0
נגב,2001-2002,8,17.1
עמקי הצפון,2001-2002,8,21.5
גוש דן והשרון,2002-2003,9,17.9
גליל וגולן,2002-2003,9,15.2
יהודה ושומרון,2002-2003,9,15.8
ים המלח והערבה,2002-2003,9,22.6
כרמל וחיפה,2002-2003,9,18.9
מישור חוף דרומי,2002-2003,9,17.2
מישור חוף צפוני,2002-2003,9,18.9
נגב,2002-2003,9,15.4
עמקי הצפון,2002-2003,9,19.1
גוש דן והשרון,2002-2003,10,13.8
גליל וגולן,2002-2003,10,12.8
יהודה ושומרון,2002-2003,10,13.7
ים המלח והערבה,2002-2003,10,18.9
כרמל וחיפה,2002-2003,10,16.4
מישור חוף דרומי,2002-2003,10,14.2
מישור חוף צפוני,2002-2003,10,14.9
נגב,2002-2003,10,13.5
עמקי הצפון,2002-2003,10,15.3
גוש דן והשרון,2002-2003,11,8.2
גליל וגולן,2002-2003,11,6.6
יהודה ושומרון,2002-2003,11,8.7
ים המלח והערבה,2002-2003,11,11.5
כרמל וחיפה,2002-2003,11,10.4
מישור חוף דרומי,2002-2003,11,10.0
מישור חוף צפוני,2002-2003,11,11.3
נגב,2002-2003,11,8.4
עמקי הצפון,2002-2003,11,9.1
גוש דן והשרון,2002-2003,12,5.1
גליל וגולן,2002-2003,12,3.0
יהודה ושומרון,2002-2003,12,2.7
ים המלח והערבה,2002-2003,12,7.1
כרמל וחיפה,2002-2003,12,5.3
מישור חוף דרומי,2002-2003,12,6.6
מישור חוף צפוני,2002-2003,12,6.8
נגב,2002-2003,12,2.6
עמקי הצפון,2002-2003,12,5.5
גוש דן והשרון,2002-2003,1,5.7
גליל וגולן,2002-2003,1,2.9
יהודה ושומרון,2002-2003,1,5.0
ים המלח והערבה,2002-2003,1,7.4
כרמל וחיפה,2002-2003,1,7.0
מישור חוף דרומי,2002-2003,1,6.5
מישור חוף צפוני,2002-2003,1,7.7
נגב,2002-2003,1,4.3
עמקי הצפון,2002-2003,1,4.5
גוש דן והשרון,2002-2003,2,4.1
גליל וגולן,2002-2003,2,2.8
יהודה ושומרון,2002-2003,2,0.4
ים המלח והערבה,2002-2003,2,6.5
כרמל וחיפה,2002-2003,2,4.6
מישור חוף דרומי,2002-2003,2,4.3
מישור חוף צפוני,2002-2003,2,6.3
נגב,2002-2003,2,1.3
עמקי הצפון,2002-2003,2,5.5
גוש דן והשרון,2002-2003,3,5.6
גליל וגולן,2002-2003,3,3.3
יהודה ושומרון,2002-2003,3,0.7
ים המלח והערבה,2002-2003,3,7.4
כרמל וחיפה,2002-2003,3,5.1
מישור חוף דרומי,2002-2003,3,4.5
מישור חוף צפוני,2002-2003,3,7.0
נגב,2002-2003,3,2.4
עמקי הצפון,2002-2003,3,5.4
גוש דן והשרון,2002-2003,4,5.8
גליל וגולן,2002-2003,4,6.6
יהודה ושומרון,2002-2003,4,6.6
ים המלח והערבה,2002-2003,4,11.4
כרמל וחיפה,2002-2003,4,9.8
מישור חוף דרומי,2002-2003,4,6.5
מישור חוף צפוני,2002-2003,4,8.5
נגב,2002-2003,4,6.9
עמקי הצפון,2002-2003,4,7.5
גוש דן והשרון,2002-2003,5,10.6
גליל וגולן,2002-2003,5,12.9
יהודה ושומרון,2002-2003,5,12.7
ים המלח והערבה,2002-2003,5,18.0
כרמל וחיפה,2002-2003,5,13.6
מישור חוף דרומי,2002-2003,5,12.0
מישור חוף צפוני,2002-2003,5,13.9
נגב,2002-2003,5,11.9
עמקי הצפון,2002-2003,5,13.3
גוש דן והשרון,2002-2003,6,16.2
גליל וגולן,2002-2003,6,13.7
יהודה ושומרון,2002-2003,6,12.9
ים המלח והערבה,2002-2003,6,21.2
כרמל וחיפה,2002-2003,6,17.1
מישור חוף דרומי,2002-2003,6,15.1
מישור חוף צפוני,2002-2003,6,17.5
נגב,2002-2003,6,13.3
עמקי הצפון,2002-2003,6,16.6
גוש דן והשרון,2002-2003,7,18.6
גליל וגולן,2002-2003,7,17.6
יהודה ושומרון,2002-2003,7,16.5
ים המלח והערבה,2002-2003,7,24.0
כרמל וחיפה,2002-2003,7,20.4
מישור חוף דרומי,2002-2003,7,18.1
מישור חוף צפוני,2002-2003,7,20.4
נגב,2002-2003,7,16.0
עמקי הצפון,2002-2003,7,21.0
גוש דן והשרון,2002-2003,8,20.0
גליל וגולן,2002-2003,8,18.5
יהודה ושומרון,2002-2003,8,18.0
ים המלח והערבה,2002-2003,8,24.3
כרמל וחיפה,2002-2003,8,21.6
מישור חוף דרומי,2002-2003,8,19.1
מישור חוף צפוני,2002-2003,8,20.4
נגב,2002-2003,8,16.8
עמקי הצפון,2002-2003,8,21.2
גוש דן והשרון,2003-2004,9,16.8
גליל וגולן,2003-2004,9,14.2
יהודה ושומרון,2003-2004,9,14.5
ים המלח והערבה,2003-2004,9,20.7
כרמל וחיפה,2003-2004,9,18.0
מישור חוף דרומי,2003-2004,9,16.8
מישור חוף צפוני,2003-2004,9,16.6
נגב,2003-2004,9,13.4
עמקי הצפון,2003-2004,9,17.2
גוש דן והשרון,2003-2004,10,12.5
גליל וגולן,2003-2004,10,8.3
יהודה ושומרון,2003-2004,10,10.8
ים המלח והערבה,2003-2004,10,15.7
כרמל וחיפה,2003-2004,10,12.1
מישור חוף דרומי,2003-2004,10,12.6
מישור חוף צפוני,2003-2004,10,13.8
נגב,2003-2004,10,10.2
עמקי הצפון,2003-2004,10,11.7
גוש דן והשרון,2003-2004,11,8.9
גליל וגולן,2003-2004,11,8.8
יהודה ושומרון,2003-2004,11,9.1
ים המלח והערבה,2003-2004,11,11.7
כרמל וחיפה,2003-2004,11,12.0
מישור חוף דרומי,2003-2004,11,8.9
מישור חוף צפוני,2003-2004,11,10.7
נגב,2003-2004,11,7.3
עמקי הצפון,2003-2004,11,9.7
גוש דן והשרון,2003-2004,12,4.8
גליל וגולן,2003-2004,12,4.5
יהודה ושומרון,2003-2004,12,3.7
ים המלח והערבה,2003-2004,12,6.2
כרמל וחיפה,2003-2004,12,6.0
מישור חוף דרומי,2003-2004,12,5.6
מישור חוף צפוני,2003-2004,12,7.4
נגב,2003-2004,12,3.0
עמקי הצפון,2003-2004,12,5.8
גוש דן והשרון,2003-2004,1,3.6
גליל וגולן,2003-2004,1,4.3
יהודה ושומרון,2003-2004,1,3.5
ים המלח והערבה,2003-2004,1,6.9
כרמל וחיפה,2003-2004,1,6.2
מישור חוף דרומי,2003-2004,1,5.2
מישור חוף צפוני,2003-2004,1,6.2
נגב,2003-2004,1,2.7
עמקי הצפון,2003-2004,1,5.1
גוש דן והשרון,2003-2004,2,5.9
גליל וגולן,2003-2004,2,0.8
יהודה ושומרון,2003-2004,2,0.1
ים המלח והערבה,2003-2004,2,6.9
כרמל וחיפה,2003-2004,2,4.0
מישור חוף דרומי,2003-2004,2,4.6
מישור חוף צפוני,2003-2004,2,5.7
נגב,2003-2004,2,1.9
עמקי הצפון,2003-2004,2,3.7
גוש דן והשרון,2003-2004,3,4.2
גליל וגולן,2003-2004,3,3.3
יהודה ושומרון,2003-2004,3,3.6
ים המלח והערבה,2003-2004,3,9.3
כרמל וחיפה,2003-2004,3,7.0
מישור חוף דרומי,2003-2004,3,4.2
מישור חוף צפוני,2003-2004,3,5.4
נגב,2003-2004,3,3.0
עמקי הצפון,2003-2004,3,4.1
גוש דן והשרון,2003-2004,4,6.8
גליל וגולן,2003-2004,4,7.1
יהודה ושומרון,2003-2004,4,6.1
ים המלח והערבה,2003-2004,4,12.3
כרמל וחיפה,2003-2004,4,9.2
מישור חוף דרומי,2003-2004,4,6.6
מישור חוף צפוני,2003-2004,4,8.1
נגב,2003-2004,4,5.5
עמקי הצפון,2003-2004,4,8.8
גוש דן והשרון,2003-2004,5,11.2
גליל וגולן,2003-2004,5,10.8
יהודה ושומרון,2003-2004,5,9.3
ים המלח והערבה,2003-2004,5,15.5
כרמל וחיפה,2003-2004,5,12.6
מישור חוף דרומי,2003-2004,5,9.8
מישור חוף צפוני,2003-2004,5,12.6
נגב,2003-2004,5,8.6
עמקי הצפון,2003-2004,5,12.5
גוש דן והשרון,2003-2004,6,15.9
גליל וגולן,2003-2004,6,15.1
יהודה ושומרון,2003-2004,6,12.1
ים המלח והערבה,2003-2004,6,19.8
כרמל וחיפה,2003-2004,6,16.1
מישור חוף דרומי,2003-2004,6,14.3
מישור חוף צפוני,2003-2004,6,16.2
נגב,2003-2004,6,11.6
עמקי הצפון,2003-2004,6,16.7
גוש דן והשרון,2003-2004,7,18.3
גליל וגולן,2003-2004,7,18.5
יהודה ושומרון,2003-2004,7,16.3
ים המלח והערבה,2003-2004,7,23.7
כרמל וחיפה,2003-2004,7,20.2
מישור חוף דרומי,2003-2004,7,17.2
מישור חוף צפוני,2003-2004,7,19.2
נגב,2003-2004,7,15.3
עמקי הצפון,2003-2004,7,20.3
גוש דן והשרון,2003-2004,8,19.5
גליל וגולן,2003-2004,8,18.9
יהודה ושומרון,2003-2004,8,17.1
ים המלח והערבה,2003-2004,8,23.9
כרמל וחיפה,2003-2004,8,20.9
מישור חוף דרומי,2003-2004,8,18.5
מישור חוף צפוני,2003-2004,8,20.9
נגב,2003-2004,8,14.9
עמקי הצפון,2003-2004,8,20.8
גוש דן והשרון,2004-2005,9,16.6
גליל וגולן,2004-2005,9,17.5
יהודה ושומרון,2004-2005,9,15.0
ים המלח והערבה,2004-2005,9,21.5
כרמל וחיפה,2004-2005,9,19.4
מישור חוף דרומי,2004-2005,9,15.8
מישור חוף צפוני,2004-2005,9,17.8
נגב,2004-2005,9,13.2
עמקי הצפון,2004-2005,9,17.4
גוש דן והשרון,2004-2005,10,14.0
גליל וגולן,2004-2005,10,15.5
יהודה ושומרון,2004-2005,10,14.3
ים המלח והערבה,2004-2005,10,17.8
כרמל וחיפה,2004-2005,10,17.4
מישור חוף דרומי,2004-2005,10,14.7
מישור חוף צפוני,2004-2005,10,15.4
נגב,2004-2005,10,12.9
עמקי הצפון,2004-2005,10,15.4
גוש דן והשרון,2004-2005,11,7.2
גליל וגולן,2004-2005,11,5.8
יהודה ושומרון,2004-2005,11,3.4
ים המלח והערבה,2004-2005,11,7.4
כרמל וחיפה,2004-2005,11,6.8
מישור חוף דרומי,2004-2005,11,6.6
מישור חוף צפוני,2004-2005,11,7.4
נגב,2004-2005,11,4.9
עמקי הצפון,2004-2005,11,6.0
גוש דן והשרון,2004-2005,12,2.1
גליל וגולן,2004-2005,12,-0.7
יהודה ושומרון,2004-2005,12,1.4
ים המלח והערבה,2004-2005,12,3.1
כרמל וחיפה,2004-2005,12,2.8
מישור חוף דרומי,2004-2005,12,2.8
מישור חוף צפוני,2004-2005,12,1.8
נגב,2004-2005,12,1.6
עמקי הצפון,2004-2005,12,0.2
גוש דן והשרון,2004-2005,1,4.4
גליל וגולן,2004-2005,1,3.2
יהודה ושומרון,2004-2005,1,3.4
ים המלח והערבה,2004-2005,1,5.1
כרמל וחיפה,2004-2005,1,5.5
מישור חוף דרומי,2004-2005,1,4.2
מישור חוף צפוני,2004-2005,1,5.5
נגב,2004-2005,1,2.3
עמקי הצפון,2004-2005,1,3.0
גוש דן והשרון,2004-2005,2,2.7
גליל וגולן,2004-2005,2,1.3
יהודה ושומרון,2004-2005,2,1.0
ים המלח והערבה,2004-2005,2,4.7
כרמל וחיפה,2004-2005,2,3.6
מישור חוף דרומי,2004-2005,2,3.7
מישור חוף צפוני,2004-2005,2,3.5
נגב,2004-2005,2,1.1
עמקי הצפון,2004-2005,2,2.3
גוש דן והשרון,2004-2005,3,7.6
גליל וגולן,2004-2005,3,4.6
יהודה ושומרון,2004-2005,3,4.1
ים המלח והערבה,2004-2005,3,9.0
כרמל וחיפה,2004-2005,3,8.0
מישור חוף דרומי,2004-2005,3,5.5
מישור חוף צפוני,2004-2005,3,6.1
נגב,2004-2005,3,3.4
עמקי הצפון,2004-2005,3,5.7
גוש דן והשרון,2004-2005,4,8.5
גליל וגולן,2004-2005,4,5.2
יהודה ושומרון,2004-2005,4,5.1
ים המלח והערבה,2004-2005,4,10.9
כרמל וחיפה,2004-2005,4,8.3
מישור חוף דרומי,2004-2005,4,5.7
מישור חוף צפוני,2004-2005,4,7.6
נגב,2004-2005,4,4.2
עמקי הצפון,2004-2005,4,6.5
גוש דן והשרון,2004-2005,5,11.4
גליל וגולן,2004-2005,5,9.7
יהודה ושומרון,2004-2005,5,8.6
ים המלח והערבה,2004-2005,5,15.1
כרמל וחיפה,2004-2005,5,11.2
מישור חוף דרומי,2004-2005,5,10.1
מישור חוף צפוני,2004-2005,5,10.5
נגב,2004-2005,5,8.2
עמקי הצפון,2004-2005,5,10.3
גוש דן והשרון,2004-2005,6,17.7
גליל וגולן,2004-2005,6,15.6
יהודה ושומרון,2004-2005,6,13.6
ים המלח והערבה,2004-2005,6,21.1
כרמל וחיפה,2004-2005,6,17.1
מישור חוף דרומי,2004-2005,6,15.2
מישור חוף צפוני,2004-2005,6,16.3
נגב,2004-2005,6,13.1
עמקי הצפון,2004-2005,6,16.8
גוש דן והשרון,2004-2005,7,21.1
גליל וגולן,2004-2005,7,18.8
יהודה ושומרון,2004-2005,7,16.4
ים המלח והערבה,2004-2005,7,23.3
כרמל וחיפה,2004-2005,7,20.4
מישור חוף דרומי,2004-2005,7,18.8
מישור חוף צפוני,2004-2005,7,20.1
נגב,2004-2005,7,15.9
עמקי הצפון,2004-2005,7,20.8
גוש דן והשרון,2004-2005,8,22.5
גליל וגולן,2004-2005,8,19.1
יהודה ושומרון,2004-2005,8,17.3
ים המלח והערבה,2004-2005,8,25.1
כרמל וחיפה,2004-2005,8,20.6
מישור חוף דרומי,2004-2005,8,20.0
מישור חוף צפוני,2004-2005,8,20.5
נגב,2004-2005,8,16.0
עמקי הצפון,2004-2005,8,20.8
גוש דן והשרון,2005-2006,9,19.1
גליל וגולן,2005-2006,9,17.7
יהודה ושומרון,2005-2006,9,16.1
ים המלח והערבה,2005-2006,9,21.2
כרמל וחיפה,2005-2006,9,18.8
מישור חוף דרומי,2005-2006,9,16.8
מישור חוף צפוני,2005-2006,9,18.7
נגב,2005-2006,9,14.8
עמקי הצפון,2005-2006,9,18.4
גוש דן והשרון,2005-2006,10,12.5
גליל וגולן,2005-2006,10,11.0
יהודה ושומרון,2005-2006,10,10.2
ים המלח והערבה,2005-2006,10,15.0
כרמל וחיפה,2005-2006,10,13.1
מישור חוף דרומי,2005-2006,10,10.7
מישור חוף צפוני,2005-2006,10,11.0
נגב,2005-2006,10,9.2
עמקי הצפון,2005-2006,10,10.1
גוש דן והשרון,2005-2006,11,10.2
גליל וגולן,2005-2006,11,8.1
יהודה ושומרון,2005-2006,11,8.0
ים המלח והערבה,2005-2006,11,11.4
כרמל וחיפה,2005-2006,11,9.3
מישור חוף דרומי,2005-2006,11,8.0
מישור חוף צפוני,2005-2006,11,8.1
נגב,2005-2006,11,6.3
עמקי הצפון,2005-2006,11,9.1
גוש דן והשרון,2005-2006,12,7.0
גליל וגולן,2005-2006,12,5.2
יהודה ושומרון,2005-2006,12,3.5
ים המלח והערבה,2005-2006,12,4.6
כרמל וחיפה,2005-2006,12,6.1
מישור חוף דרומי,2005-2006,12,5.4
מישור חוף צפוני,2005-2006,12,7.3
נגב,2005-2006,12,3.8
עמקי הצפון,2005-2006,12,6.0
גוש דן והשרון,2005-2006,1,5.2
גליל וגולן,2005-2006,1,4.0
יהודה ושומרון,2005-2006,1,3.8
ים המלח והערבה,2005-2006,1,4.0
כרמל וחיפה,2005-2006,1,5.9
מישור חוף דרומי,2005-2006,1,4.1
מישור חוף צפוני,2005-2006,1,5.1
נגב,2005-2006,1,1.4
עמקי הצפון,2005-2006,1,3.7
גוש דן והשרון,2005-2006,2,6.7
גליל וגולן,2005-2006,2,3.8
יהודה ושומרון,2005-2006,2,1.9
ים המלח והערבה,2005-2006,2,6.5
כרמל וחיפה,2005-2006,2,5.5
מישור חוף דרומי,2005-2006,2,4.9
מישור חוף צפוני,2005-2006,2,5.6
נגב,2005-2006,2,2.1
עמקי הצפון,2005-2006,2,4.6
גוש דן והשרון,2005-2006,3,7.8
גליל וגולן,2005-2006,3,5.4
יהודה ושומרון,2005-2006,3,4.0
ים המלח והערבה,2005-2006,3,9.5
כרמל וחיפה,2005-2006,3,7.8
מישור חוף דרומי,2005-2006,3,6.4
מישור חוף צפוני,2005-2006,3,7.6
נגב,2005-2006,3,3.8
עמקי הצפון,2005-2006,3,5.6
גוש דן והשרון,2005-2006,4,11.1
גליל וגולן,2005-2006,4,8.7
יהודה ושומרון,2005-2006,4,7.3
ים המלח והערבה,2005-2006,4,12.8
כרמל וחיפה,2005-2006,4,10.1
מישור חוף דרומי,2005-2006,4,9.0
מישור חוף צפוני,2005-2006,4,8.9
נגב,2005-2006,4,7.3
עמקי הצפון,2005-2006,4,9.2
גוש דן והשרון,2005-2006,5,13.2
גליל וגולן,2005-2006,5,10.4
יהודה ושומרון,2005-2006,5,9.4
ים המלח והערבה,2005-2006,5,17.0
כרמל וחיפה,2005-2006,5,12.6
מישור חוף דרומי,2005-2006,5,10.9
מישור חוף צפוני,2005-2006,5,12.1
נגב,2005-2006,5,9.3
עמקי הצפון,2005-2006,5,11.9
גוש דן והשרון,2005-2006,6,18.6
גליל וגולן,2005-2006,6,15.4
יהודה ושומרון,2005-2006,6,13.6
ים המלח והערבה,2005-2006,6,20.8
כרמל וחיפה,2005-2006,6,17.8
מישור חוף דרומי,2005-2006,6,15.9
מישור חוף צפוני,2005-2006,6,15.9
נגב,2005-2006,6,12.7
עמקי הצפון,2005-2006,6,16.9
גוש דן והשרון,2005-2006,7,20.6
גליל וגולן,2005-2006,7,18.4
יהודה ושומרון,2005-2006,7,16.2
ים המלח והערבה,2005-2006,7,22.4
כרמל וחיפה,2005-2006,7,20.1
מישור חוף דרומי,2005-2006,7,18.4
מישור חוף צפוני,2005-2006,7,19.4
נגב,2005-2006,7,16.4
עמקי הצפון,2005-2006,7,20.6
גוש דן והשרון,2005-2006,8,21.1
גליל וגולן,2005-2006,8,18.9
יהודה ושומרון,2005-2006,8,16.2
ים המלח והערבה,2005-2006,8,23.8
כרמל וחיפה,2005-2006,8,20.6
מישור חוף דרומי,2005-2006,8,18.8
מישור חוף צפוני,2005-2006,8,19.6
נגב,2005-2006,8,15.8
עמקי הצפון,2005-2006,8,20.8
גוש דן והשרון,2006-2007,9,19.2
גליל וגולן,2006-2007,9,16.6
יהודה ושומרון,2006-2007,9,15.6
ים המלח והערבה,2006-2007,9,21.5
כרמל וחיפה,2006-2007,9,19.2
מישור חוף דרומי,2006-2007,9,17.5
מישור חוף צפוני,2006-2007,9,18.4
נגב,2006-2007,9,14.6
עמקי הצפון,2006-2007,9,18.6
גוש דן והשרון,2006-2007,10,14.3
גליל וגולן,2006-2007,10,11.8
יהודה ושומרון,2006-2007,10,10.4
ים המלח והערבה,2006-2007,10,14.9
כרמל וחיפה,2006-2007,10,12.7
מישור חוף דרומי,2006-2007,10,14.0
מישור חוף צפוני,2006-2007,10,14.3
נגב,2006-2007,10,11.0
עמקי הצפון,2006-2007,10,13.7
גוש דן והשרון,2006-2007,11,8.1
גליל וגולן,2006-2007,11,8.6
יהודה ושומרון,2006-2007,11,8.9
ים המלח והערבה,2006-2007,11,11.0
כרמל וחיפה,2006-2007,11,11.5
מישור חוף דרומי,2006-2007,11,8.1
מישור חוף צפוני,2006-2007,11,7.7
נגב,2006-2007,11,5.5
עמקי הצפון,2006-2007,11,5.8
גוש דן והשרון,2006-2007,12,4.1
גליל וגולן,2006-2007,12,1.0
יהודה ושומרון,2006-2007,12,0.0
ים המלח והערבה,2006-2007,12,4.5
כרמל וחיפה,2006-2007,12,3.0
מישור חוף דרומי,2006-2007,12,4.0
מישור חוף צפוני,2006-2007,12,2.9
נגב,2006-2007,12,1.3
עמקי הצפון,2006-2007,12,1.6
גוש דן והשרון,2006-2007,1,6.2
גליל וגולן,2006-2007,1,4.4
יהודה ושומרון,2006-2007,1,3.7
ים המלח והערבה,2006-2007,1,7.0
כרמל וחיפה,2006-2007,1,6.0
מישור חוף דרומי,2006-2007,1,4.9
מישור חוף צפוני,2006-2007,1,5.4
נגב,2006-2007,1,3.1
עמקי הצפון,2006-2007,1,4.2
גוש דן והשרון,2006-2007,2,7.5
גליל וגולן,2006-2007,2,4.5
יהודה ושומרון,2006-2007,2,2.8
ים המלח והערבה,2006-2007,2,7.2
כרמל וחיפה,2006-2007,2,5.8
מישור חוף דרומי,2006-2007,2,5.7
מישור חוף צפוני,2006-2007,2,5.7
נגב,2006-2007,2,2.8
עמקי הצפון,2006-2007,2,4.6
גוש דן והשרון,2006-2007,3,7.6
גליל וגולן,2006-2007,3,3.7
יהודה ושומרון,2006-2007,3,1.8
ים המלח והערבה,2006-2007,3,9.9
כרמל וחיפה,2006-2007,3,5.8
מישור חוף דרומי,2006-2007,3,6.2
מישור חוף צפוני,2006-2007,3,6.4
נגב,2006-2007,3,2.9
עמקי הצפון,2006-2007,3,5.1
גוש דן והשרון,2006-2007,4,9.9
גליל וגולן,2006-2007,4,6.5
יהודה ושומרון,2006-2007,4,6.6
ים המלח והערבה,2006-2007,4,12.4
כרמל וחיפה,2006-2007,4,9.7
מישור חוף דרומי,2006-2007,4,7.4
מישור חוף צפוני,2006-2007,4,8.9
נגב,2006-2007,4,6.1
עמקי הצפון,2006-2007,4,8.3
גוש דן והשרון,2006-2007,5,11.5
גליל וגולן,2006-2007,5,9.0
יהודה ושומרון,2006-2007,5,10.9
ים המלח והערבה,2006-2007,5,15.6
כרמל וחיפה,2006-2007,5,11.3
מישור חוף דרומי,2006-2007,5,9.6
מישור חוף צפוני,2006-2007,5,10.4
נגב,2006-2007,5,9.9
עמקי הצפון,2006-2007,5,10.7
גוש דן והשרון,2006-2007,6,17.9
גליל וגולן,2006-2007,6,13.9
יהודה ושומרון,2006-2007,6,12.3
ים המלח והערבה,2006-2007,6,19.8
כרמל וחיפה,2006-2007,6,16.1
מישור חוף דרומי,2006-2007,6,15.1
מישור חוף צפוני,2006-2007,6,16.2
נגב,2006-2007,6,11.8
עמקי הצפון,2006-2007,6,16.4
גוש דן והשרון,2006-2007,7,20.6
גליל וגולן,2006-2007,7,17.3
יהודה ושומרון,2006-2007,7,16.6
ים המלח והערבה,2006-2007,7,23.9
כרמל וחיפה,2006-2007,7,19.6
מישור חוף דרומי,2006-2007,7,18.2
מישור חוף צפוני,2006-2007,7,18.9
נגב,2006-2007,7,16.4
עמקי הצפון,2006-2007,7,20.2
גוש דן והשרון,2006-2007,8,21.6
גליל וגולן,2006-2007,8,19.0
יהודה ושומרון,2006-2007,8,17.2
ים המלח והערבה,2006-2007,8,24.8
כרמל וחיפה,2006-2007,8,20.7
מישור חוף דרומי,2006-2007,8,19.6
מישור חוף צפוני,2006-2007,8,21.0
נגב,2006-2007,8,16.6
עמקי הצפון,2006-2007,8,21.6
גוש דן והשרון,2007-2008,9,19.9
גליל וגולן,2007-2008,9,17.4
יהודה ושומרון,2007-2008,9,16.2
ים המלח והערבה,2007-2008,9,22.0
כרמל וחיפה,2007-2008,9,19.6
מישור חוף דרומי,2007-2008,9,17.9
מישור חוף צפוני,2007-2008,9,19.4
נגב,2007-2008,9,14.5
עמקי הצפון,2007-2008,9,19.8
גוש דן והשרון,2007-2008,10,16.8
גליל וגולן,2007-2008,10,14.1
יהודה ושומרון,2007-2008,10,14.2
ים המלח והערבה,2007-2008,10,18.4
כרמל וחיפה,2007-2008,10,16.4
מישור חוף דרומי,2007-2008,10,15.1
מישור חוף צפוני,2007-2008,10,14.8
נגב,2007-2008,10,11.6
עמקי הצפון,2007-2008,10,15.2
גוש דן והשרון,2007-2008,11,10.1
גליל וגולן,2007-2008,11,8.2
יהודה ושומרון,2007-2008,11,8.4
ים המלח והערבה,2007-2008,11,10.8
כרמל וחיפה,2007-2008,11,10.6
מישור חוף דרומי,2007-2008,11,7.8
מישור חוף צפוני,2007-2008,11,9.8
נגב,2007-2008,11,6.8
עמקי הצפון,2007-2008,11,8.0
גוש דן והשרון,2007-2008,12,6.5
גליל וגולן,2007-2008,12,4.3
יהודה ושומרון,2007-2008,12,4.6
ים המלח והערבה,2007-2008,12,6.6
כרמל וחיפה,2007-2008,12,5.2
מישור חוף דרומי,2007-2008,12,4.8
מישור חוף צפוני,2007-2008,12,6.2
נגב,2007-2008,12,4.0
עמקי הצפון,2007-2008,12,3.9
גוש דן והשרון,2007-2008,1,1.4
גליל וגולן,2007-2008,1,-0.1
יהודה ושומרון,2007-2008,1,-0.6
ים המלח והערבה,2007-2008,1,3.2
כרמל וחיפה,2007-2008,1,1.5
מישור חוף דרומי,2007-2008,1,-0.7
מישור חוף צפוני,2007-2008,1,1.9
נגב,2007-2008,1,-1.0
עמקי הצפון,2007-2008,1,-1.3
גוש דן והשרון,2007-2008,2,4.1
גליל וגולן,2007-2008,2,2.7
יהודה ושומרון,2007-2008,2,0.3
ים המלח והערבה,2007-2008,2,6.3
כרמל וחיפה,2007-2008,2,4.4
מישור חוף דרומי,2007-2008,2,3.3
מישור חוף צפוני,2007-2008,2,3.2
נגב,2007-2008,2,1.9
עמקי הצפון,2007-2008,2,2.8
גוש דן והשרון,2007-2008,3,8.7
גליל וגולן,2007-2008,3,6.2
יהודה ושומרון,2007-2008,3,6.3
ים המלח והערבה,2007-2008,3,10.9
כרמל וחיפה,2007-2008,3,8.5
מישור חוף דרומי,2007-2008,3,6.2
מישור חוף צפוני,2007-2008,3,5.6
נגב,2007-2008,3,5.2
עמקי הצפון,2007-2008,3,5.6
גוש דן והשרון,2007-2008,4,9.2
גליל וגולן,2007-2008,4,8.4
יהודה ושומרון,2007-2008,4,7.5
ים המלח והערבה,2007-2008,4,13.0
כרמל וחיפה,2007-2008,4,10.6
מישור חוף דרומי,2007-2008,4,7.6
מישור חוף צפוני,2007-2008,4,8.0
נגב,2007-2008,4,6.2
עמקי הצפון,2007-2008,4,8.9
גוש דן והשרון,2007-2008,5,13.1
גליל וגולן,2007-2008,5,10.4
יהודה ושומרון,2007-2008,5,9.1
ים המלח והערבה,2007-2008,5,15.4
כרמל וחיפה,2007-2008,5,13.3
מישור חוף דרומי,2007-2008,5,10.4
מישור חוף צפוני,2007-2008,5,12.2
נגב,2007-2008,5,8.1
עמקי הצפון,2007-2008,5,12.2
גוש דן והשרון,2007-2008,6,18.4
גליל וגולן,2007-2008,6,16.2
יהודה ושומרון,2007-2008,6,14.7
ים המלח והערבה,2007-2008,6,21.4
כרמל וחיפה,2007-2008,6,17.9
מישור חוף דרומי,2007-2008,6,15.7
מישור חוף צפוני,2007-2008,6,16.0
נגב,2007-2008,6,13.8
עמקי הצפון,2007-2008,6,17.9
גוש דן והשרון,2007-2008,7,20.4
גליל וגולן,2007-2008,7,18.2
יהודה ושומרון,2007-2008,7,17.0
ים המלח והערבה,2007-2008,7,24.3
כרמל וחיפה,2007-2008,7,20.1
מישור חוף דרומי,2007-2008,7,18.6
מישור חוף צפוני,2007-2008,7,19.1
נגב,2007-2008,7,16.5
עמקי הצפון,2007-2008,7,20.8
גוש דן והשרון,2007-2008,8,21.5
גליל וגולן,2007-2008,8,19.9
יהודה ושומרון,2007-2008,8,18.0
ים המלח והערבה,2007-2008,8,24.8
כרמל וחיפה,2007-2008,8,20.4
מישור חוף דרומי,2007-2008,8,19.6
מישור חוף צפוני,2007-2008,8,20.3
נגב,2007-2008,8,16.5
עמקי הצפון,2007-2008,8,21.5
גוש דן והשרון,2008-2009,9,19.8
גליל וגולן,2008-2009,9,17.2
יהודה ושומרון,2008-2009,9,16.3
ים המלח והערבה,2008-2009,9,21.8
כרמל וחיפה,2008-2009,9,19.3
מישור חוף דרומי,2008-2009,9,18.2
מישור חוף צפוני,2008-2009,9,18.3
נגב,2008-2009,9,15.5
עמקי הצפון,2008-2009,9,18.2
גוש דן והשרון,2008-2009,10,15.2
גליל וגולן,2008-2009,10,11.1
יהודה ושומרון,2008-2009,10,11.6
ים המלח והערבה,2008-2009,10,16.2
כרמל וחיפה,2008-2009,10,13.4
מישור חוף דרומי,2008-2009,10,14.9
מישור חוף צפוני,2008-2009,10,13.2
נגב,2008-2009,10,11.2
עמקי הצפון,2008-2009,10,13.4
גוש דן והשרון,2008-2009,11,11.1
גליל וגולן,2008-2009,11,8.8
יהודה ושומרון,2008-2009,11,9.1
ים המלח והערבה,2008-2009,11,13.1
כרמל וחיפה,2008-2009,11,11.0
מישור חוף דרומי,2008-2009,11,9.8
מישור חוף צפוני,2008-2009,11,9.7
נגב,2008-2009,11,8.1
עמקי הצפון,2008-2009,11,8.8
גוש דן והשרון,2008-2009,12,7.2
גליל וגולן,2008-2009,12,6.7
יהודה ושומרון,2008-2009,12,6.0
ים המלח והערבה,2008-2009,12,9.1
כרמל וחיפה,2008-2009,12,8.0
מישור חוף דרומי,2008-2009,12,6.7
מישור חוף צפוני,2008-2009,12,6.8
נגב,2008-2009,12,4.3
עמקי הצפון,2008-2009,12,4.8
גוש דן והשרון,2008-2009,1,4.2
גליל וגולן,2008-2009,1,1.4
יהודה ושומרון,2008-2009,1,2.4
ים המלח והערבה,2008-2009,1,4.3
כרמל וחיפה,2008-2009,1,4.9
מישור חוף דרומי,2008-2009,1,3.8
מישור חוף צפוני,2008-2009,1,3.3
נגב,2008-2009,1,2.1
עמקי הצפון,2008-2009,1,1.8
גוש דן והשרון,2008-2009,2,7.5
גליל וגולן,2008-2009,2,4.7
יהודה ושומרון,2008-2009,2,3.0
ים המלח והערבה,2008-2009,2,9.2
כרמל וחיפה,2008-2009,2,6.3
מישור חוף דרומי,2008-2009,2,6.2
מישור חוף צפוני,2008-2009,2,7.5
נגב,2008-2009,2,3.2
עמקי הצפון,2008-2009,2,5.5
גוש דן והשרון,2008-2009,3,7.8
גליל וגולן,2008-2009,3,3.2
יהודה ושומרון,2008-2009,3,2.6
ים המלח והערבה,2008-2009,3,8.5
כרמל וחיפה,2008-2009,3,6.7
מישור חוף דרומי,2008-2009,3,6.1
מישור חוף צפוני,2008-2009,3,6.0
נגב,2008-2009,3,3.9
עמקי הצפון,2008-2009,3,4.4
גוש דן והשרון,2008-2009,4,10.3
גליל וגולן,2008-2009,4,8.9
יהודה ושומרון,2008-2009,4,8.1
ים המלח והערבה,2008-2009,4,13.4
כרמל וחיפה,2008-2009,4,10.2
מישור חוף דרומי,2008-2009,4,7.5
מישור חוף צפוני,2008-2009,4,8.7
נגב,2008-2009,4,7.8
עמקי הצפון,2008-2009,4,8.3
גוש דן והשרון,2008-2009,5,13.4
גליל וגולן,2008-2009,5,10.8
יהודה ושומרון,2008-2009,5,9.7
ים המלח והערבה,2008-2009,5,16.4
כרמל וחיפה,2008-2009,5,12.8
מישור חוף דרומי,2008-2009,5,11.3
מישור חוף צפוני,2008-2009,5,12.2
נגב,2008-2009,5,9.5
עמקי הצפון,2008-2009,5,12.2
גוש דן והשרון,2008-2009,6,18.0
גליל וגולן,2008-2009,6,16.1
יהודה ושומרון,2008-2009,6,14.7
ים המלח והערבה,2008-2009,6,21.5
כרמל וחיפה,2008-2009,6,17.1
מישור חוף דרומי,2008-2009,6,15.3
מישור חוף צפוני,2008-2009,6,15.7
נגב,2008-2009,6,14.5
עמקי הצפון,2008-2009,6,17.1
גוש דן והשרון,2008-2009,7,22.4
גליל וגולן,2008-2009,7,19.7
יהודה ושומרון,2008-2009,7,17.9
ים המלח והערבה,2008-2009,7,24.6
כרמל וחיפה,2008-2009,7,21.1
מישור חוף דרומי,2008-2009,7,19.0
מישור חוף צפוני,2008-2009,7,20.6
נגב,2008-2009,7,17.1
עמקי הצפון,2008-2009,7,22.1
גוש דן והשרון,2008-2009,8,21.8
גליל וגולן,2008-2009,8,18.8
יהודה ושומרון,2008-2009,8,17.7
ים המלח והערבה,2008-2009,8,23.9
כרמל וחיפה,2008-2009,8,21.5
מישור חוף דרומי,2008-2009,8,18.9
מישור חוף צפוני,2008-2009,8,20.4
נגב,2008-2009,8,16.4
עמקי הצפון,2008-2009,8,21.4
גוש דן והשרון,2009-2010,9,18.8
גליל וגולן,2009-2010,9,15.9
יהודה ושומרון,2009-2010,9,16.0
ים המלח והערבה,2009-2010,9,20.7
כרמל וחיפה,2009-2010,9,18.6
מישור חוף דרומי,2009-2010,9,16.6
מישור חוף צפוני,2009-2010,9,16.8
נגב,2009-2010,9,14.4
עמקי הצפון,2009-2010,9,16.6
גוש דן והשרון,2009-2010,10,17.2
גליל וגולן,2009-2010,10,14.3
יהודה ושומרון,2009-2010,10,13.6
ים המלח והערבה,2009-2010,10,18.8
כרמל וחיפה,2009-2010,10,14.7
מישור חוף דרומי,2009-2010,10,16.1
מישור חוף צפוני,2009-2010,10,15.7
נגב,2009-2010,10,13.9
עמקי הצפון,2009-2010,10,16.4
גוש דן והשרון,2009-2010,11,10.7
גליל וגולן,2009-2010,11,8.0
יהודה ושומרון,2009-2010,11,8.9
ים המלח והערבה,2009-2010,11,11.4
כרמל וחיפה,2009-2010,11,11.8
מישור חוף דרומי,2009-2010,11,9.3
מישור חוף צפוני,2009-2010,11,9.4
נגב,2009-2010,11,7.5
עמקי הצפון,2009-2010,11,8.4
גוש דן והשרון,2009-2010,12,9.1
גליל וגולן,2009-2010,12,8.0
יהודה ושומרון,2009-2010,12,7.7
ים המלח והערבה,2009-2010,12,9.1
כרמל וחיפה,2009-2010,12,9.8
מישור חוף דרומי,2009-2010,12,8.2
מישור חוף צפוני,2009-2010,12,8.2
נגב,2009-2010,12,5.8
עמקי הצפון,2009-2010,12,8.1
גוש דן והשרון,2009-2010,1,6.5
גליל וגולן,2009-2010,1,3.2
יהודה ושומרון,2009-2010,1,4.8
ים המלח והערבה,2009-2010,1,8.5
כרמל וחיפה,2009-2010,1,5.1
מישור חוף דרומי,2009-2010,1,5.5
מישור חוף צפוני,2009-2010,1,5.3
נגב,2009-2010,1,5.1
עמקי הצפון,2009-2010,1,4.8
גוש דן והשרון,2009-2010,2,3.9
גליל וגולן,2009-2010,2,0.8
יהודה ושומרון,2009-2010,2,1.4
ים המלח והערבה,2009-2010,2,5.9
כרמל וחיפה,2009-2010,2,3.9
מישור חוף דרומי,2009-2010,2,3.2
מישור חוף צפוני,2009-2010,2,3.7
נגב,2009-2010,2,3.0
עמקי הצפון,2009-2010,2,0.9
גוש דן והשרון,2009-2010,3,7.7
גליל וגולן,2009-2010,3,5.6
יהודה ושומרון,2009-2010,3,6.5
ים המלח והערבה,2009-2010,3,11.6
כרמל וחיפה,2009-2010,3,8.8
מישור חוף דרומי,2009-2010,3,5.9
מישור חוף צפוני,2009-2010,3,5.8
נגב,2009-2010,3,5.3
עמקי הצפון,2009-2010,3,6.0
גוש דן והשרון,2009-2010,4,10.6
גליל וגולן,2009-2010,4,8.6
יהודה ושומרון,2009-2010,4,8.7
ים המלח והערבה,2009-2010,4,13.8
כרמל וחיפה,2009-2010,4,11.2
מישור חוף דרומי,2009-2010,4,9.1
מישור חוף צפוני,2009-2010,4,8.6
נגב,2009-2010,4,7.5
עמקי הצפון,2009-2010,4,8.8
גוש דן והשרון,2009-2010,5,13.2
גליל וגולן,2009-2010,5,11.3
יהודה ושומרון,2009-2010,5,10.8
ים המלח והערבה,2009-2010,5,15.8
כרמל וחיפה,2009-2010,5,13.4
מישור חוף דרומי,2009-2010,5,11.1
מישור חוף צפוני,2009-2010,5,11.5
נגב,2009-2010,5,9.5
עמקי הצפון,2009-2010,5,12.6
גוש דן והשרון,2009-2010,6,19.2
גליל וגולן,2009-2010,6,16.7
יהודה ושומרון,2009-2010,6,15.0
ים המלח והערבה,2009-2010,6,21.7
כרמל וחיפה,2009-2010,6,17.7
מישור חוף דרומי,2009-2010,6,17.1
מישור חוף צפוני,2009-2010,6,17.0
נגב,2009-2010,6,14.2
עמקי הצפון,2009-2010,6,17.4
גוש דן והשרון,2009-2010,7,21.1
גליל וגולן,2009-2010,7,17.9
יהודה ושומרון,2009-2010,7,16.7
ים המלח והערבה,2009-2010,7,23.7
כרמל וחיפה,2009-2010,7,19.8
מישור חוף דרומי,2009-2010,7,18.9
מישור חוף צפוני,2009-2010,7,19.4
נגב,2009-2010,7,17.0
עמקי הצפון,2009-2010,7,20.0
גוש דן והשרון,2009-2010,8,23.4
גליל וגולן,2009-2010,8,20.9
יהודה ושומרון,2009-2010,8,18.9
ים המלח והערבה,2009-2010,8,26.5
כרמל וחיפה,2009-2010,8,22.9
מישור חוף דרומי,2009-2010,8,21.1
מישור חוף צפוני,2009-2010,8,20.8
נגב,2009-2010,8,18.8
עמקי הצפון,2009-2010,8,22.7
גוש דן והשרון,2010-2011,9,21.9
גליל וגולן,2010-2011,9,18.5
יהודה ושומרון,2010-2011,9,17.6
ים המלח והערבה,2010-2011,9,23.7
כרמל וחיפה,2010-2011,9,20.7
מישור חוף דרומי,2010-2011,9,19.6
מישור חוף צפוני,2010-2011,9,19.5
נגב,2010-2011,9,16.1
עמקי הצפון,2010-2011,9,20.5
גוש דן והשרון,2010-2011,10,18.1
גליל וגולן,2010-2011,10,14.0
יהודה ושומרון,2010-2011,10,14.7
ים המלח והערבה,2010-2011,10,19.1
כרמל וחיפה,2010-2011,10,16.5
מישור חוף דרומי,2010-2011,10,16.3
מישור חוף צפוני,2010-2011,10,15.9
נגב,2010-2011,10,12.4
עמקי הצפון,2010-2011,10,15.7
גוש דן והשרון,2010-2011,11,11.4
גליל וגולן,2010-2011,11,11.5
יהודה ושומרון,2010-2011,11,11.4
ים המלח והערבה,2010-2011,11,13.8
כרמל וחיפה,2010-2011,11,14.5
מישור חוף דרומי,2010-2011,11,11.1
מישור חוף צפוני,2010-2011,11,10.1
נגב,2010-2011,11,8.6
עמקי הצפון,2010-2011,11,9.2
גוש דן והשרון,2010-2011,12,7.7
גליל וגולן,2010-2011,12,4.3
יהודה ושומרון,2010-2011,12,3.2
ים המלח והערבה,2010-2011,12,7.2
כרמל וחיפה,2010-2011,12,6.2
מישור חוף דרומי,2010-2011,12,6.6
מישור חוף צפוני,2010-2011,12,7.5
נגב,2010-2011,12,3.8
עמקי הצפון,2010-2011,12,5.6
גוש דן והשרון,2010-2011,1,8.4
גליל וגולן,2010-2011,1,5.8
יהודה ושומרון,2010-2011,1,5.7
ים המלח והערבה,2010-2011,1,8.4
כרמל וחיפה,2010-2011,1,8.2
מישור חוף דרומי,2010-2011,1,6.7
מישור חוף צפוני,2010-2011,1,6.7
נגב,2010-2011,1,4.2
עמקי הצפון,2010-2011,1,5.9
גוש דן והשרון,2010-2011,2,7.3
גליל וגולן,2010-2011,2,2.8
יהודה ושומרון,2010-2011,2,3.1
ים המלח והערבה,2010-2011,2,8.2
כרמל וחיפה,2010-2011,2,4.9
מישור חוף דרומי,2010-2011,2,5.5
מישור חוף צפוני,2010-2011,2,4.3
נגב,2010-2011,2,4.4
עמקי הצפון,2010-2011,2,3.3
גוש דן והשרון,2010-2011,3,7.9
גליל וגולן,2010-2011,3,3.9
יהודה ושומרון,2010-2011,3,3.3
ים המלח והערבה,2010-2011,3,9.0
כרמל וחיפה,2010-2011,3,6.9
מישור חוף דרומי,2010-2011,3,6.0
מישור חוף צפוני,2010-2011,3,5.5
נגב,2010-2011,3,3.5
עמקי הצפון,2010-2011,3,5.2
גוש דן והשרון,2010-2011,4,10.2
גליל וגולן,2010-2011,4,7.1
יהודה ושומרון,2010-2011,4,7.3
ים המלח והערבה,2010-2011,4,13.2
כרמל וחיפה,2010-2011,4,9.9
מישור חוף דרומי,2010-2011,4,8.1
מישור חוף צפוני,2010-2011,4,8.3
נגב,2010-2011,4,6.5
עמקי הצפון,2010-2011,4,8.3
גוש דן והשרון,2010-2011,5,13.9
גליל וגולן,2010-2011,5,10.3
יהודה ושומרון,2010-2011,5,10.2
ים המלח והערבה,2010-2011,5,15.7
כרמל וחיפה,2010-2011,5,12.9
מישור חוף דרומי,2010-2011,5,12.2
מישור חוף צפוני,2010-2011,5,12.4
נגב,2010-2011,5,9.9
עמקי הצפון,2010-2011,5,11.9
גוש דן והשרון,2010-2011,6,18.8
גליל וגולן,2010-2011,6,15.6
יהודה ושומרון,2010-2011,6,14.2
ים המלח והערבה,2010-2011,6,20.2
כרמל וחיפה,2010-2011,6,17.0
מישור חוף דרומי,2010-2011,6,16.1
מישור חוף צפוני,2010-2011,6,17.6
נגב,2010-2011,6,14.2
עמקי הצפון,2010-2011,6,17.8
גוש דן והשרון,2010-2011,7,21.2
גליל וגולן,2010-2011,7,16.9
יהודה ושומרון,2010-2011,7,16.2
ים המלח והערבה,2010-2011,7,21.9
כרמל וחיפה,2010-2011,7,19.2
מישור חוף דרומי,2010-2011,7,18.2
מישור חוף צפוני,2010-2011,7,18.7
נגב,2010-2011,7,16.3
עמקי הצפון,2010-2011,7,19.5
גוש דן והשרון,2010-2011,8,22.5
גליל וגולן,2010-2011,8,19.5
יהודה ושומרון,2010-2011,8,17.6
ים המלח והערבה,2010-2011,8,23.5
כרמל וחיפה,2010-2011,8,21.3
מישור חוף דרומי,2010-2011,8,19.5
מישור חוף צפוני,2010-2011,8,21.8
נגב,2010-2011,8,16.4
עמקי הצפון,2010-2011,8,22.5
גוש דן והשרון,2011-2012,9,20.6
גליל וגולן,2011-2012,9,17.7
יהודה ושומרון,2011-2012,9,17.2
ים המלח והערבה,2011-2012,9,22.5
כרמל וחיפה,2011-2012,9,20.0
מישור חוף דרומי,2011-2012,9,18.2
מישור חוף צפוני,2011-2012,9,19.1
נגב,2011-2012,9,15.6
עמקי הצפון,2011-2012,9,19.8
גוש דן והשרון,2011-2012,10,14.8
גליל וגולן,2011-2012,10,11.1
יהודה ושומרון,2011-2012,10,11.9
ים המלח והערבה,2011-2012,10,16.4
כרמל וחיפה,2011-2012,10,14.3
מישור חוף דרומי,2011-2012,10,13.5
מישור חוף צפוני,2011-2012,10,11.1
נגב,2011-2012,10,10.7
עמקי הצפון,2011-2012,10,11.6
גוש דן והשרון,2011-2012,11,7.8
גליל וגולן,2011-2012,11,5.3
יהודה ושומרון,2011-2012,11,5.4
ים המלח והערבה,2011-2012,11,6.6
כרמל וחיפה,2011-2012,11,8.0
מישור חוף דרומי,2011-2012,11,6.4
מישור חוף צפוני,2011-2012,11,5.5
נגב,2011-2012,11,3.0
עמקי הצפון,2011-2012,11,3.8
גוש דן והשרון,2011-2012,12,6.4
גליל וגולן,2011-2012,12,4.4
יהודה ושומרון,2011-2012,12,4.9
ים המלח והערבה,2011-2012,12,6.6
כרמל וחיפה,2011-2012,12,8.1
מישור חוף דרומי,2011-2012,12,5.5
מישור חוף צפוני,2011-2012,12,3.6
נגב,2011-2012,12,2.6
עמקי הצפון,2011-2012,12,2.7
גוש דן והשרון,2011-2012,1,6.6
גליל וגולן,2011-2012,1,2.0
יהודה ושומרון,2011-2012,1,3.1
ים המלח והערבה,2011-2012,1,5.6
כרמל וחיפה,2011-2012,1,5.0
מישור חוף דרומי,2011-2012,1,5.3
מישור חוף צפוני,2011-2012,1,4.0
נגב,2011-2012,1,2.0
עמקי הצפון,2011-2012,1,1.8
גוש דן והשרון,2011-2012,2,6.0
גליל וגולן,2011-2012,2,2.7
יהודה ושומרון,2011-2012,2,2.5
ים המלח והערבה,2011-2012,2,7.0
כרמל וחיפה,2011-2012,2,5.0
מישור חוף דרומי,2011-2012,2,3.9
מישור חוף צפוני,2011-2012,2,3.8
נגב,2011-2012,2,0.7
עמקי הצפון,2011-2012,2,2.6
גוש דן והשרון,2011-2012,3,4.8
גליל וגולן,2011-2012,3,1.1
יהודה ושומרון,2011-2012,3,1.0
ים המלח והערבה,2011-2012,3,6.8
כרמל וחיפה,2011-2012,3,3.8
מישור חוף דרומי,2011-2012,3,3.9
מישור חוף צפוני,2011-2012,3,2.6
נגב,2011-2012,3,2.0
עמקי הצפון,2011-2012,3,1.9
גוש דן והשרון,2011-2012,4,9.3
גליל וגולן,2011-2012,4,7.8
יהודה ושומרון,2011-2012,4,8.3
ים המלח והערבה,2011-2012,4,12.5
כרמל וחיפה,2011-2012,4,10.8
מישור חוף דרומי,2011-2012,4,7.8
מישור חוף צפוני,2011-2012,4,8.3
נגב,2011-2012,4,7.3
עמקי הצפון,2011-2012,4,8.1
גוש דן והשרון,2011-2012,5,14.9
גליל וגולן,2011-2012,5,11.6
יהודה ושומרון,2011-2012,5,12.2
ים המלח והערבה,2011-2012,5,17.9
כרמל וחיפה,2011-2012,5,14.0
מישור חוף דרומי,2011-2012,5,12.4
מישור חוף צפוני,2011-2012,5,11.6
נגב,2011-2012,5,11.1
עמקי הצפון,2011-2012,5,12.6
גוש דן והשרון,2011-2012,6,18.1
גליל וגולן,2011-2012,6,15.1
יהודה ושומרון,2011-2012,6,13.9
ים המלח והערבה,2011-2012,6,20.9
כרמל וחיפה,2011-2012,6,16.4
מישור חוף דרומי,2011-2012,6,14.7
מישור חוף צפוני,2011-2012,6,14.3
נגב,2011-2012,6,13.9
עמקי הצפון,2011-2012,6,15.9
גוש דן והשרון,2011-2012,7,22.6
גליל וגולן,2011-2012,7,19.6
יהודה ושומרון,2011-2012,7,18.1
ים המלח והערבה,2011-2012,7,24.9
כרמל וחיפה,2011-2012,7,21.5
מישור חוף דרומי,2011-2012,7,20.2
מישור חוף צפוני,2011-2012,7,19.9
נגב,2011-2012,7,17.8
עמקי הצפון,2011-2012,7,20.9
גוש דן והשרון,2011-2012,8,23.2
גליל וגולן,2011-2012,8,19.1
יהודה ושומרון,2011-2012,8,18.6
ים המלח והערבה,2011-2012,8,24.4
כרמל וחיפה,2011-2012,8,21.6
מישור חוף דרומי,2011-2012,8,20.6
מישור חוף צפוני,2011-2012,8,21.4
נגב,2011-2012,8,17.1
עמקי הצפון,2011-2012,8,22.0
גוש דן והשרון,2012-2013,9,20.4
גליל וגולן,2012-2013,9,15.7
יהודה ושומרון,2012-2013,9,16.4
ים המלח והערבה,2012-2013,9,23.0
כרמל וחיפה,2012-2013,9,19.1
מישור חוף דרומי,2012-2013,9,18.6
מישור חוף צפוני,2012-2013,9,18.6
נגב,2012-2013,9,15.3
עמקי הצפון,2012-2013,9,17.9
גוש דן והשרון,2012-2013,10,15.8
גליל וגולן,2012-2013,10,13.6
יהודה ושומרון,2012-2013,10,14.6
ים המלח והערבה,2012-2013,10,18.7
כרמל וחיפה,2012-2013,10,15.2
מישור חוף דרומי,2012-2013,10,15.0
מישור חוף צפוני,2012-2013,10,14.9
נגב,2012-2013,10,12.6
עמקי הצפון,2012-2013,10,14.9
גוש דן והשרון,2012-2013,11,12.8
גליל וגולן,2012-2013,11,9.8
יהודה ושומרון,2012-2013,11,10.3
ים המלח והערבה,2012-2013,11,14.1
כרמל וחיפה,2012-2013,11,12.6
מישור חוף דרומי,2012-2013,11,10.8
מישור חוף צפוני,2012-2013,11,10.4
נגב,2012-2013,11,9.1
עמקי הצפון,2012-2013,11,10.6
גוש דן והשרון,2012-2013,12,9.1
גליל וגולן,2012-2013,12,5.8
יהודה ושומרון,2012-2013,12,5.8
ים המלח והערבה,2012-2013,12,8.9
כרמל וחיפה,2012-2013,12,9.1
מישור חוף דרומי,2012-2013,12,7.4
מישור חוף צפוני,2012-2013,12,7.5
נגב,2012-2013,12,5.0
עמקי הצפון,2012-2013,12,6.2
גוש דן והשרון,2012-2013,1,4.7
גליל וגולן,2012-2013,1,1.0
יהודה ושומרון,2012-2013,1,0.3
ים המלח והערבה,2012-2013,1,4.7
כרמל וחיפה,2012-2013,1,2.9
מישור חוף דרומי,2012-2013,1,4.4
מישור חוף צפוני,2012-2013,1,4.6
נגב,2012-2013,1,1.4
עמקי הצפון,2012-2013,1,3.0
גוש דן והשרון,2012-2013,2,3.2
גליל וגולן,2012-2013,2,6.1
יהודה ושומרון,2012-2013,2,5.2
ים המלח והערבה,2012-2013,2,9.0
כרמל וחיפה,2012-2013,2,8.3
מישור חוף דרומי,2012-2013,2,6.7
מישור חוף צפוני,2012-2013,2,6.8
נגב,2012-2013,2,4.4
עמקי הצפון,2012-2013,2,5.4
גוש דן והשרון,2012-2013,3,7.3
גליל וגולן,2012-2013,3,4.0
יהודה ושומרון,2012-2013,3,5.2
ים המלח והערבה,2012-2013,3,9.1
כרמל וחיפה,2012-2013,3,6.6
מישור חוף דרומי,2012-2013,3,5.4
מישור חוף צפוני,2012-2013,3,5.3
נגב,2012-2013,3,4.0
עמקי הצפון,2012-2013,3,4.4
גוש דן והשרון,2012-2013,4,11.9
גליל וגולן,2012-2013,4,8.5
יהודה ושומרון,2012-2013,4,7.3
ים המלח והערבה,2012-2013,4,13.6
כרמל וחיפה,2012-2013,4,10.2
מישור חוף דרומי,2012-2013,4,8.5
מישור חוף צפוני,2012-2013,4,9.4
נגב,2012-2013,4,7.7
עמקי הצפון,2012-2013,4,9.9
גוש דן והשרון,2012-2013,5,16.2
גליל וגולן,2012-2013,5,12.0
יהודה ושומרון,2012-2013,5,11.8
ים המלח והערבה,2012-2013,5,18.0
כרמל וחיפה,2012-2013,5,14.2
מישור חוף דרומי,2012-2013,5,13.7
מישור חוף צפוני,2012-2013,5,13.7
נגב,2012-2013,5,12.4
עמקי הצפון,2012-2013,5,15.1
גוש דן והשרון,2012-2013,6,18.6
גליל וגולן,2012-2013,6,16.1
יהודה ושומרון,2012-2013,6,14.8
ים המלח והערבה,2012-2013,6,20.9
כרמל וחיפה,2012-2013,6,17.6
מישור חוף דרומי,2012-2013,6,16.4
מישור חוף צפוני,2012-2013,6,15.2
נגב,2012-2013,6,14.5
עמקי הצפון,2012-2013,6,16.7
גוש דן והשרון,2012-2013,7,22.1
גליל וגולן,2012-2013,7,19.0
יהודה ושומרון,2012-2013,7,17.1
ים המלח והערבה,2012-2013,7,23.5
כרמל וחיפה,2012-2013,7,20.6
מישור חוף דרומי,2012-2013,7,18.9
מישור חוף צפוני,2012-2013,7,20.2
נגב,2012-2013,7,15.5
עמקי הצפון,2012-2013,7,20.3
גוש דן והשרון,2012-2013,8,21.6
גליל וגולן,2012-2013,8,19.9
יהודה ושומרון,2012-2013,8,17.9
ים המלח והערבה,2012-2013,8,24.6
כרמל וחיפה,2012-2013,8,21.3
מישור חוף דרומי,2012-2013,8,19.4
מישור חוף צפוני,2012-2013,8,19.9
נגב,2012-2013,8,16.0
עמקי הצפון,2012-2013,8,21.2
גוש דן והשרון,2013-2014,9,18.4
גליל וגולן,2013-2014,9,15.2
יהודה ושומרון,2013-2014,9,15.3
ים המלח והערבה,2013-2014,9,22.0
כרמל וחיפה,2013-2014,9,18.9
מישור חוף דרומי,2013-2014,9,17.2
מישור חוף צפוני,2013-2014,9,16.5
נגב,2013-2014,9,14.0
עמקי הצפון,2013-2014,9,17.2
גוש דן והשרון,2013-2014,10,13.6
גליל וגולן,2013-2014,10,11.1
יהודה ושומרון,2013-2014,10,11.4
ים המלח והערבה,2013-2014,10,15.1
כרמל וחיפה,2013-2014,10,14.9
מישור חוף דרומי,2013-2014,10,12.1
מישור חוף צפוני,2013-2014,10,10.8
נגב,2013-2014,10,8.9
עמקי הצפון,2013-2014,10,11.6
גוש דן והשרון,2013-2014,11,12.7
גליל וגולן,2013-2014,11,8.9
יהודה ושומרון,2013-2014,11,10.1
ים המלח והערבה,2013-2014,11,13.6
כרמל וחיפה,2013-2014,11,13.0
מישור חוף דרומי,2013-2014,11,11.4
מישור חוף צפוני,2013-2014,11,10.5
נגב,2013-2014,11,7.7
עמקי הצפון,2013-2014,11,9.7
גוש דן והשרון,2013-2014,12,2.5
גליל וגולן,2013-2014,12,1.2
יהודה ושומרון,2013-2014,12,-0.2
ים המלח והערבה,2013-2014,12,5.3
כרמל וחיפה,2013-2014,12,2.8
מישור חוף דרומי,2013-2014,12,2.5
מישור חוף צפוני,2013-2014,12,2.8
נגב,2013-2014,12,1.1
עמקי הצפון,2013-2014,12,1.6
גוש דן והשרון,2013-2014,1,6.5
גליל וגולן,2013-2014,1,5.0
יהודה ושומרון,2013-2014,1,5.7
ים המלח והערבה,2013-2014,1,9.1
כרמל וחיפה,2013-2014,1,6.7
מישור חוף דרומי,2013-2014,1,5.8
מישור חוף צפוני,2013-2014,1,5.6
נגב,2013-2014,1,4.6
עמקי הצפון,2013-2014,1,4.5
גוש דן והשרון,2013-2014,2,5.5
גליל וגולן,2013-2014,2,1.9
יהודה ושומרון,2013-2014,2,2.8
ים המלח והערבה,2013-2014,2,6.7
כרמל וחיפה,2013-2014,2,5.3
מישור חוף דרומי,2013-2014,2,3.8
מישור חוף צפוני,2013-2014,2,3.4
נגב,2013-2014,2,1.3
עמקי הצפון,2013-2014,2,1.4
גוש דן והשרון,2013-2014,3,8.2
גליל וגולן,2013-2014,3,3.7
יהודה ושומרון,2013-2014,3,3.4
ים המלח והערבה,2013-2014,3,9.7
כרמל וחיפה,2013-2014,3,6.7
מישור חוף דרומי,2013-2014,3,6.4
מישור חוף צפוני,2013-2014,3,4.4
נגב,2013-2014,3,4.7
עמקי הצפון,2013-2014,3,5.0
גוש דן והשרון,2013-2014,4,10.4
גליל וגולן,2013-2014,4,8.3
יהודה ושומרון,2013-2014,4,8.6
ים המלח והערבה,2013-2014,4,14.0
כרמל וחיפה,2013-2014,4,11.4
מישור חוף דרומי,2013-2014,4,8.4
מישור חוף צפוני,2013-2014,4,8.8
נגב,2013-2014,4,7.9
עמקי הצפון,2013-2014,4,9.0
גוש דן והשרון,2013-2014,5,15.2
גליל וגולן,2013-2014,5,12.9
יהודה ושומרון,2013-2014,5,11.7
ים המלח והערבה,2013-2014,5,17.7
כרמל וחיפה,2013-2014,5,14.2
מישור חוף דרומי,2013-2014,5,12.4
מישור חוף צפוני,2013-2014,5,12.5
נגב,2013-2014,5,12.4
עמקי הצפון,2013-2014,5,13.1
גוש דן והשרון,2013-2014,6,18.5
גליל וגולן,2013-2014,6,15.1
יהודה ושומרון,2013-2014,6,14.1
ים המלח והערבה,2013-2014,6,20.3
כרמל וחיפה,2013-2014,6,17.3
מישור חוף דרומי,2013-2014,6,15.8
מישור חוף צפוני,2013-2014,6,15.8
נגב,2013-2014,6,14.6
עמקי הצפון,2013-2014,6,16.8
גוש דן והשרון,2013-2014,7,21.9
גליל וגולן,2013-2014,7,19.3
יהודה ושומרון,2013-2014,7,17.4
ים המלח והערבה,2013-2014,7,24.7
כרמל וחיפה,2013-2014,7,20.5
מישור חוף דרומי,2013-2014,7,19.3
מישור חוף צפוני,2013-2014,7,20.7
נגב,2013-2014,7,17.6
עמקי הצפון,2013-2014,7,20.9
גוש דן והשרון,2013-2014,8,22.5
גליל וגולן,2013-2014,8,20.2
יהודה ושומרון,2013-2014,8,17.6
ים המלח והערבה,2013-2014,8,24.4
כרמל וחיפה,2013-2014,8,21.6
מישור חוף דרומי,2013-2014,8,19.8
מישור חוף צפוני,2013-2014,8,19.5
נגב,2013-2014,8,16.7
עמקי הצפון,2013-2014,8,21.9
גוש דן והשרון,2014-2015,9,19.1
גליל וגולן,2014-2015,9,16.3
יהודה ושומרון,2014-2015,9,16.1
ים המלח והערבה,2014-2015,9,21.7
כרמל וחיפה,2014-2015,9,19.4
מישור חוף דרומי,2014-2015,9,17.6
מישור חוף צפוני,2014-2015,9,17.7
נגב,2014-2015,9,14.9
עמקי הצפון,2014-2015,9,17.6
גוש דן והשרון,2014-2015,10,14.8
גליל וגולן,2014-2015,10,9.9
יהודה ושומרון,2014-2015,10,12.3
ים המלח והערבה,2014-2015,10,16.3
כרמל וחיפה,2014-2015,10,14.7
מישור חוף דרומי,2014-2015,10,13.3
מישור חוף צפוני,2014-2015,10,11.8
נגב,2014-2015,10,11.4
עמקי הצפון,2014-2015,10,11.6
גוש דן והשרון,2014-2015,11,11.2
גליל וגולן,2014-2015,11,8.5
יהודה ושומרון,2014-2015,11,7.8
ים המלח והערבה,2014-2015,11,11.6
כרמל וחיפה,2014-2015,11,10.3
מישור חוף דרומי,2014-2015,11,10.8
מישור חוף צפוני,2014-2015,11,10.5
נגב,2014-2015,11,6.7
עמקי הצפון,2014-2015,11,9.2
גוש דן והשרון,2014-2015,12,9.3
גליל וגולן,2014-2015,12,6.7
יהודה ושומרון,2014-2015,12,8.1
ים המלח והערבה,2014-2015,12,9.7
כרמל וחיפה,2014-2015,12,10.2
מישור חוף דרומי,2014-2015,12,7.5
מישור חוף צפוני,2014-2015,12,8.2
נגב,2014-2015,12,5.4
עמקי הצפון,2014-2015,12,6.8
גוש דן והשרון,2014-2015,1,2.1
גליל וגולן,2014-2015,1,-2.0
יהודה ושומרון,2014-2015,1,-1.3
ים המלח והערבה,2014-2015,1,4.2
כרמל וחיפה,2014-2015,1,0.1
מישור חוף דרומי,2014-2015,1,3.0
מישור חוף צפוני,2014-2015,1,1.1
נגב,2014-2015,1,1.7
עמקי הצפון,2014-2015,1,-0.3
גוש דן והשרון,2014-2015,2,5.0
גליל וגולן,2014-2015,2,0.0
יהודה ושומרון,2014-2015,2,-0.1
ים המלח והערבה,2014-2015,2,6.4
כרמל וחיפה,2014-2015,2,2.8
מישור חוף דרומי,2014-2015,2,4.0
מישור חוף צפוני,2014-2015,2,3.9
נגב,2014-2015,2,1.3
עמקי הצפון,2014-2015,2,3.1
גוש דן והשרון,2014-2015,3,9.7
גליל וגולן,2014-2015,3,5.5
יהודה ושומרון,2014-2015,3,6.0
ים המלח והערבה,2014-2015,3,11.3
כרמל וחיפה,2014-2015,3,8.9
מישור חוף דרומי,2014-2015,3,7.7
מישור חוף צפוני,2014-2015,3,8.0
נגב,2014-2015,3,4.7
עמקי הצפון,2014-2015,3,7.3
גוש דן והשרון,2014-2015,4,9.3
גליל וגולן,2014-2015,4,5.4
יהודה ושומרון,2014-2015,4,4.5
ים המלח והערבה,2014-2015,4,11.9
כרמל וחיפה,2014-2015,4,7.4
מישור חוף דרומי,2014-2015,4,8.6
מישור חוף צפוני,2014-2015,4,8.0
נגב,2014-2015,4,6.0
עמקי הצפון,2014-2015,4,7.4
גוש דן והשרון,2014-2015,5,14.2
גליל וגולן,2014-2015,5,11.9
יהודה ושומרון,2014-2015,5,10.5
ים המלח והערבה,2014-2015,5,17.3
כרמל וחיפה,2014-2015,5,13.3
מישור חוף דרומי,2014-2015,5,12.2
מישור חוף צפוני,2014-2015,5,12.2
נגב,2014-2015,5,10.3
עמקי הצפון,2014-2015,5,13.1
גוש דן והשרון,2014-2015,6,18.1
גליל וגולן,2014-2015,6,15.1
יהודה ושומרון,2014-2015,6,14.1
ים המלח והערבה,2014-2015,6,20.5
כרמל וחיפה,2014-2015,6,16.9
מישור חוף דרומי,2014-2015,6,15.7
מישור חוף צפוני,2014-2015,6,16.0
נגב,2014-2015,6,13.9
עמקי הצפון,2014-2015,6,17.4
גוש דן והשרון,2014-2015,7,20.2
גליל וגולן,2014-2015,7,17.2
יהודה ושומרון,2014-2015,7,15.6
ים המלח והערבה,2014-2015,7,23.0
כרמל וחיפה,2014-2015,7,19.1
מישור חוף דרומי,2014-2015,7,18.0
מישור חוף צפוני,2014-2015,7,17.6
נגב,2014-2015,7,15.5
עמקי הצפון,2014-2015,7,18.8
גוש דן והשרון,2014-2015,8,23.8
גליל וגולן,2014-2015,8,20.4
יהודה ושומרון,2014-2015,8,19.2
ים המלח והערבה,2014-2015,8,25.1
כרמל וחיפה,2014-2015,8,22.3
מישור חוף דרומי,2014-2015,8,22.1
מישור חוף צפוני,2014-2015,8,21.1
נגב,2014-2015,8,18.6
עמקי הצפון,2014-2015,8,22.1
גוש דן והשרון,2015-2016,9,21.1
גליל וגולן,2015-2016,9,18.1
יהודה ושומרון,2015-2016,9,17.8
ים המלח והערבה,2015-2016,9,23.5
כרמל וחיפה,2015-2016,9,21.1
מישור חוף דרומי,2015-2016,9,19.1
מישור חוף צפוני,2015-2016,9,18.4
נגב,2015-2016,9,16.7
עמקי הצפון,2015-2016,9,19.5
גוש דן והשרון,2015-2016,10,18.5
גליל וגולן,2015-2016,10,13.7
יהודה ושומרון,2015-2016,10,13.4
ים המלח והערבה,2015-2016,10,17.5
כרמל וחיפה,2015-2016,10,14.6
מישור חוף דרומי,2015-2016,10,15.6
מישור חוף צפוני,2015-2016,10,15.3
נגב,2015-2016,10,12.7
עמקי הצפון,2015-2016,10,14.9
גוש דן והשרון,2015-2016,11,10.4
גליל וגולן,2015-2016,11,9.8
יהודה ושומרון,2015-2016,11,10.9
ים המלח והערבה,2015-2016,11,14.1
כרמל וחיפה,2015-2016,11,12.1
מישור חוף דרומי,2015-2016,11,11.4
מישור חוף צפוני,2015-2016,11,10.4
נגב,2015-2016,11,9.6
עמקי הצפון,2015-2016,11,10.0
גוש דן והשרון,2015-2016,12,5.3
גליל וגולן,2015-2016,12,1.5
יהודה ושומרון,2015-2016,12,2.5
ים המלח והערבה,2015-2016,12,6.3
כרמל וחיפה,2015-2016,12,5.5
מישור חוף דרומי,2015-2016,12,3.6
מישור חוף צפוני,2015-2016,12,2.8
נגב,2015-2016,12,1.2
עמקי הצפון,2015-2016,12,0.6
גוש דן והשרון,2015-2016,1,2.2
גליל וגולן,2015-2016,1,-0.6
יהודה ושומרון,2015-2016,1,-0.2
ים המלח והערבה,2015-2016,1,3.5
כרמל וחיפה,2015-2016,1,1.6
מישור חוף דרומי,2015-2016,1,1.8
מישור חוף צפוני,2015-2016,1,0.7
נגב,2015-2016,1,-0.2
עמקי הצפון,2015-2016,1,0.2
גוש דן והשרון,2015-2016,2,4.7
גליל וגולן,2015-2016,2,4.5
יהודה ושומרון,2015-2016,2,4.3
ים המלח והערבה,2015-2016,2,7.3
כרמל וחיפה,2015-2016,2,7.8
מישור חוף דרומי,2015-2016,2,4.7
מישור חוף צפוני,2015-2016,2,4.4
נגב,2015-2016,2,1.5
עמקי הצפון,2015-2016,2,3.2
גוש דן והשרון,2015-2016,3,8.6
גליל וגולן,2015-2016,3,6.6
יהודה ושומרון,2015-2016,3,6.6
ים המלח והערבה,2015-2016,3,11.6
כרמל וחיפה,2015-2016,3,9.5
מישור חוף דרומי,2015-2016,3,7.4
מישור חוף צפוני,2015-2016,3,7.3
נגב,2015-2016,3,5.9
עמקי הצפון,2015-2016,3,6.9
גוש דן והשרון,2015-2016,4,10.4
גליל וגולן,2015-2016,4,9.3
יהודה ושומרון,2015-2016,4,9.3
ים המלח והערבה,2015-2016,4,14.1
כרמל וחיפה,2015-2016,4,11.3
מישור חוף דרומי,2015-2016,4,8.8
מישור חוף צפוני,2015-2016,4,8.8
נגב,2015-2016,4,7.6
עמקי הצפון,2015-2016,4,9.7
גוש דן והשרון,2015-2016,5,15.2
גליל וגולן,2015-2016,5,12.2
יהודה ושומרון,2015-2016,5,11.6
ים המלח והערבה,2015-2016,5,17.5
כרמל וחיפה,2015-2016,5,14.3
מישור חוף דרומי,2015-2016,5,12.9
מישור חוף צפוני,2015-2016,5,11.9
נגב,2015-2016,5,11.6
עמקי הצפון,2015-2016,5,13.0
גוש דן והשרון,2015-2016,6,18.6
גליל וגולן,2015-2016,6,14.7
יהודה ושומרון,2015-2016,6,14.4
ים המלח והערבה,2015-2016,6,21.7
כרמל וחיפה,2015-2016,6,17.7
מישור חוף דרומי,2015-2016,6,16.0
מישור חוף צפוני,2015-2016,6,15.1
נגב,2015-2016,6,15.4
עמקי הצפון,2015-2016,6,16.2
גוש דן והשרון,2015-2016,7,22.6
גליל וגולן,2015-2016,7,18.6
יהודה ושומרון,2015-2016,7,18.0
ים המלח והערבה,2015-2016,7,25.2
כרמל וחיפה,2015-2016,7,21.3
מישור חוף דרומי,2015-2016,7,20.2
מישור חוף צפוני,2015-2016,7,19.9
נגב,2015-2016,7,18.1
עמקי הצפון,2015-2016,7,21.7
גוש דן והשרון,2015-2016,8,23.8
גליל וגולן,2015-2016,8,20.6
יהודה ושומרון,2015-2016,8,18.8
ים המלח והערבה,2015-2016,8,25.4
כרמל וחיפה,2015-2016,8,22.0
מישור חוף דרומי,2015-2016,8,20.4
מישור חוף צפוני,2015-2016,8,21.4
נגב,2015-2016,8,17.9
עמקי הצפון,2015-2016,8,23.1
גוש דן והשרון,2016-2017,9,19.8
גליל וגולן,2016-2017,9,16.5
יהודה ושומרון,2016-2017,9,16.1
ים המלח והערבה,2016-2017,9,21.7
כרמל וחיפה,2016-2017,9,19.6
מישור חוף דרומי,2016-2017,9,17.8
מישור חוף צפוני,2016-2017,9,16.6
נגב,2016-2017,9,14.7
עמקי הצפון,2016-2017,9,17.3
גוש דן והשרון,2016-2017,10,17.8
גליל וגולן,2016-2017,10,15.1
יהודה ושומרון,2016-2017,10,15.0
ים המלח והערבה,2016-2017,10,19.5
כרמל וחיפה,2016-2017,10,17.9
מישור חוף דרומי,2016-2017,10,16.3
מישור חוף צפוני,2016-2017,10,14.6
נגב,2016-2017,10,13.1
עמקי הצפון,2016-2017,10,15.6
גוש דן והשרון,2016-2017,11,6.1
גליל וגולן,2016-2017,11,6.4
יהודה ושומרון,2016-2017,11,6.5
ים המלח והערבה,2016-2017,11,9.1
כרמל וחיפה,2016-2017,11,8.2
מישור חוף דרומי,2016-2017,11,7.3
מישור חוף צפוני,2016-2017,11,5.4
נגב,2016-2017,11,6.7
עמקי הצפון,2016-2017,11,5.8
גוש דן והשרון,2016-2017,12,6.4
גליל וגולן,2016-2017,12,2.6
יהודה ושומרון,2016-2017,12,3.5
ים המלח והערבה,2016-2017,12,7.6
כרמל וחיפה,2016-2017,12,5.5
מישור חוף דרומי,2016-2017,12,5.4
מישור חוף צפוני,2016-2017,12,4.4
נגב,2016-2017,12,1.9
עמקי הצפון,2016-2017,12,3.8
גוש דן והשרון,2016-2017,1,4.1
גליל וגולן,2016-2017,1,0.5
יהודה ושומרון,2016-2017,1,1.2
ים המלח והערבה,2016-2017,1,5.8
כרמל וחיפה,2016-2017,1,3.9
מישור חוף דרומי,2016-2017,1,3.2
מישור חוף צפוני,2016-2017,1,3.2
נגב,2016-2017,1,0.7
עמקי הצפון,2016-2017,1,2.1
גוש דן והשרון,2016-2017,2,3.8
גליל וגולן,2016-2017,2,-0.3
יהודה ושומרון,2016-2017,2,1.6
ים המלח והערבה,2016-2017,2,4.4
כרמל וחיפה,2016-2017,2,3.6
מישור חוף דרומי,2016-2017,2,3.3
מישור חוף צפוני,2016-2017,2,0.8
נגב,2016-2017,2,0.2
עמקי הצפון,2016-2017,2,0.6
גוש דן והשרון,2016-2017,3,9.7
גליל וגולן,2016-2017,3,6.2
יהודה ושומרון,2016-2017,3,6.2
ים המלח והערבה,2016-2017,3,11.2
כרמל וחיפה,2016-2017,3,8.1
מישור חוף דרומי,2016-2017,3,7.5
מישור חוף צפוני,2016-2017,3,7.6
נגב,2016-2017,3,5.7
עמקי הצפון,2016-2017,3,7.1
גוש דן והשרון,2016-2017,4,11.8
גליל וגולן,2016-2017,4,7.7
יהודה ושומרון,2016-2017,4,7.9
ים המלח והערבה,2016-2017,4,13.7
כרמל וחיפה,2016-2017,4,9.8
מישור חוף דרומי,2016-2017,4,8.6
מישור חוף צפוני,2016-2017,4,8.0
נגב,2016-2017,4,7.9
עמקי הצפון,2016-2017,4,9.1
גוש דן והשרון,2016-2017,5,15.2
גליל וגולן,2016-2017,5,12.6
יהודה ושומרון,2016-2017,5,11.3
ים המלח והערבה,2016-2017,5,17.5
כרמל וחיפה,2016-2017,5,14.6
מישור חוף דרומי,2016-2017,5,13.1
מישור חוף צפוני,2016-2017,5,13.3
נגב,2016-2017,5,11.2
עמקי הצפון,2016-2017,5,14.3
גוש דן והשרון,2016-2017,6,18.0
גליל וגולן,2016-2017,6,15.2
יהודה ושומרון,2016-2017,6,13.7
ים המלח והערבה,2016-2017,6,21.1
כרמל וחיפה,2016-2017,6,16.9
מישור חוף דרומי,2016-2017,6,15.9
מישור חוף צפוני,2016-2017,6,15.7
נגב,2016-2017,6,13.7
עמקי הצפון,2016-2017,6,16.8
גוש דן והשרון,2016-2017,7,22.5
גליל וגולן,2016-2017,7,20.0
יהודה ושומרון,2016-2017,7,18.3
ים המלח והערבה,2016-2017,7,26.0
כרמל וחיפה,2016-2017,7,21.7
מישור חוף דרומי,2016-2017,7,20.2
מישור חוף צפוני,2016-2017,7,19.9
נגב,2016-2017,7,18.3
עמקי הצפון,2016-2017,7,21.9
גוש דן והשרון,2016-2017,8,22.2
גליל וגולן,2016-2017,8,18.6
יהודה ושומרון,2016-2017,8,17.2
ים המלח והערבה,2016-2017,8,24.2
כרמל וחיפה,2016-2017,8,21.5
מישור חוף דרומי,2016-2017,8,19.8
מישור חוף צפוני,2016-2017,8,20.8
נגב,2016-2017,8,16.1
עמקי הצפון,2016-2017,8,21.3
גוש דן והשרון,2017-2018,9,19.8
גליל וגולן,2017-2018,9,16.4
יהודה ושומרון,2017-2018,9,15.8
ים המלח והערבה,2017-2018,9,21.9
כרמל וחיפה,2017-2018,9,19.1
מישור חוף דרומי,2017-2018,9,18.1
מישור חוף צפוני,2017-2018,9,17.8
נגב,2017-2018,9,15.1
עמקי הצפון,2017-2018,9,18.1
גוש דן והשרון,2017-2018,10,16.0
גליל וגולן,2017-2018,10,13.7
יהודה ושומרון,2017-2018,10,13.3
ים המלח והערבה,2017-2018,10,17.6
כרמל וחיפה,2017-2018,10,16.0
מישור חוף דרומי,2017-2018,10,13.4
מישור חוף צפוני,2017-2018,10,13.6
נגב,2017-2018,10,12.1
עמקי הצפון,2017-2018,10,14.2
גוש דן והשרון,2017-2018,11,11.7
גליל וגולן,2017-2018,11,7.4
יהודה ושומרון,2017-2018,11,8.1
ים המלח והערבה,2017-2018,11,11.9
כרמל וחיפה,2017-2018,11,11.0
מישור חוף דרומי,2017-2018,11,9.9
מישור חוף צפוני,2017-2018,11,9.2
נגב,2017-2018,11,6.7
עמקי הצפון,2017-2018,11,8.7
גוש דן והשרון,2017-2018,12,6.4
גליל וגולן,2017-2018,12,4.4
יהודה ושומרון,2017-2018,12,5.0
ים המלח והערבה,2017-2018,12,8.8
כרמל וחיפה,2017-2018,12,7.9
מישור חוף דרומי,2017-2018,12,5.6
מישור חוף צפוני,2017-2018,12,5.4
נגב,2017-2018,12,3.6
עמקי הצפון,2017-2018,12,4.0
גוש דן והשרון,2017-2018,1,6.9
גליל וגולן,2017-2018,1,3.8
יהודה ושומרון,2017-2018,1,3.0
ים המלח והערבה,2017-2018,1,7.8
כרמל וחיפה,2017-2018,1,5.1
מישור חוף דרומי,2017-2018,1,6.4
מישור חוף צפוני,2017-2018,1,5.1
נגב,2017-2018,1,3.9
עמקי הצפון,2017-2018,1,4.6
גוש דן והשרון,2017-2018,2,7.0
גליל וגולן,2017-2018,2,6.4
יהודה ושומרון,2017-2018,2,5.1
ים המלח והערבה,2017-2018,2,9.4
כרמל וחיפה,2017-2018,2,8.6
מישור חוף דרומי,2017-2018,2,6.7
מישור חוף צפוני,2017-2018,2,5.0
נגב,2017-2018,2,4.5
עמקי הצפון,2017-2018,2,6.2
גוש דן והשרון,2017-2018,3,9.9
גליל וגולן,2017-2018,3,6.7
יהודה ושומרון,2017-2018,3,7.0
ים המלח והערבה,2017-2018,3,12.0
כרמל וחיפה,2017-2018,3,10.2
מישור חוף דרומי,2017-2018,3,8.3
מישור חוף צפוני,2017-2018,3,7.0
נגב,2017-2018,3,5.9
עמקי הצפון,2017-2018,3,8.1
גוש דן והשרון,2017-2018,4,12.0
גליל וגולן,2017-2018,4,9.9
יהודה ושומרון,2017-2018,4,8.5
ים המלח והערבה,2017-2018,4,14.3
כרמל וחיפה,2017-2018,4,11.8
מישור חוף דרומי,2017-2018,4,10.0
מישור חוף צפוני,2017-2018,4,9.6
נגב,2017-2018,4,8.3
עמקי הצפון,2017-2018,4,11.3
גוש דן והשרון,2017-2018,5,16.6
גליל וגולן,2017-2018,5,11.8
יהודה ושומרון,2017-2018,5,12.3
ים המלח והערבה,2017-2018,5,18.4
כרמל וחיפה,2017-2018,5,13.8
מישור חוף דרומי,2017-2018,5,13.2
מישור חוף צפוני,2017-2018,5,13.3
נגב,2017-2018,5,11.3
עמקי הצפון,2017-2018,5,15.0
גוש דן והשרון,2017-2018,6,20.2
גליל וגולן,2017-2018,6,16.4
יהודה ושומרון,2017-2018,6,15.0
ים המלח והערבה,2017-2018,6,22.1
כרמל וחיפה,2017-2018,6,18.4
מישור חוף דרומי,2017-2018,6,17.5
מישור חוף צפוני,2017-2018,6,16.2
נגב,2017-2018,6,15.7
עמקי הצפון,2017-2018,6,18.6
גוש דן והשרון,2017-2018,7,22.4
גליל וגולן,2017-2018,7,18.4
יהודה ושומרון,2017-2018,7,17.2
ים המלח והערבה,2017-2018,7,24.3
כרמל וחיפה,2017-2018,7,20.6
מישור חוף דרומי,2017-2018,7,19.9
מישור חוף צפוני,2017-2018,7,18.6
נגב,2017-2018,7,16.5
עמקי הצפון,2017-2018,7,20.4
גוש דן והשרון,2017-2018,8,23.8
גליל וגולן,2017-2018,8,19.2
יהודה ושומרון,2017-2018,8,18.3
ים המלח והערבה,2017-2018,8,24.7
כרמל וחיפה,2017-2018,8,21.8
מישור חוף דרומי,2017-2018,8,20.9
מישור חוף צפוני,2017-2018,8,21.7
נגב,2017-2018,8,17.4
עמקי הצפון,2017-2018,8,23.0
גוש דן והשרון,2018-2019,9,20.5
גליל וגולן,2018-2019,9,17.0
יהודה ושומרון,2018-2019,9,17.0
ים המלח והערבה,2018-2019,9,23.2
כרמל וחיפה,2018-2019,9,20.4
מישור חוף דרומי,2018-2019,9,18.5
מישור חוף צפוני,2018-2019,9,17.6
נגב,2018-2019,9,16.1
עמקי הצפון,2018-2019,9,19.8
גוש דן והשרון,2018-2019,10,14.8
גליל וגולן,2018-2019,10,10.9
יהודה ושומרון,2018-2019,10,11.7
ים המלח והערבה,2018-2019,10,16.4
כרמל וחיפה,2018-2019,10,14.7
מישור חוף דרומי,2018-2019,10,13.3
מישור חוף צפוני,2018-2019,10,12.9
נגב,2018-2019,10,11.1
עמקי הצפון,2018-2019,10,12.9
גוש דן והשרון,2018-2019,11,12.3
גליל וגולן,2018-2019,11,10.4
יהודה ושומרון,2018-2019,11,9.4
ים המלח והערבה,2018-2019,11,12.9
כרמל וחיפה,2018-2019,11,11.4
מישור חוף דרומי,2018-2019,11,10.9
מישור חוף צפוני,2018-2019,11,11.0
נגב,2018-2019,11,9.0
עמקי הצפון,2018-2019,11,11.3
גוש דן והשרון,2018-2019,12,9.3
גליל וגולן,2018-2019,12,6.3
יהודה ושומרון,2018-2019,12,5.6
ים המלח והערבה,2018-2019,12,9.5
כרמל וחיפה,2018-2019,12,9.3
מישור חוף דרומי,2018-2019,12,8.0
מישור חוף צפוני,2018-2019,12,6.9
נגב,2018-2019,12,5.2
עמקי הצפון,2018-2019,12,6.8
גוש דן והשרון,2018-2019,1,5.6
גליל וגולן,2018-2019,1,3.4
יהודה ושומרון,2018-2019,1,1.6
ים המלח והערבה,2018-2019,1,5.7
כרמל וחיפה,2018-2019,1,5.9
מישור חוף דרומי,2018-2019,1,4.4
מישור חוף צפוני,2018-2019,1,4.8
נגב,2018-2019,1,2.3
עמקי הצפון,2018-2019,1,3.7
גוש דן והשרון,2018-2019,2,7.0
גליל וגולן,2018-2019,2,3.8
יהודה ושומרון,2018-2019,2,3.3
ים המלח והערבה,2018-2019,2,8.5
כרמל וחיפה,2018-2019,2,6.7
מישור חוף דרומי,2018-2019,2,4.8
מישור חוף צפוני,2018-2019,2,4.9
נגב,2018-2019,2,3.1
עמקי הצפון,2018-2019,2,4.5
גוש דן והשרון,2018-2019,3,7.3
גליל וגולן,2018-2019,3,4.6
יהודה ושומרון,2018-2019,3,3.9
ים המלח והערבה,2018-2019,3,9.1
כרמל וחיפה,2018-2019,3,7.9
מישור חוף דרומי,2018-2019,3,5.6
מישור חוף צפוני,2018-2019,3,4.6
נגב,2018-2019,3,3.5
עמקי הצפון,2018-2019,3,5.7
גוש דן והשרון,2018-2019,4,9.8
גליל וגולן,2018-2019,4,6.3
יהודה ושומרון,2018-2019,4,5.4
ים המלח והערבה,2018-2019,4,12.0
כרמל וחיפה,2018-2019,4,8.7
מישור חוף דרומי,2018-2019,4,7.8
מישור חוף צפוני,2018-2019,4,8.4
נגב,2018-2019,4,5.2
עמקי הצפון,2018-2019,4,7.7
גוש דן והשרון,2018-2019,5,13.2
גליל וגולן,2018-2019,5,9.0
יהודה ושומרון,2018-2019,5,9.1
ים המלח והערבה,2018-2019,5,15.6
כרמל וחיפה,2018-2019,5,12.5
מישור חוף דרומי,2018-2019,5,10.2
מישור חוף צפוני,2018-2019,5,9.9
נגב,2018-2019,5,8.5
עמקי הצפון,2018-2019,5,10.8
גוש דן והשרון,2018-2019,6,19.0
גליל וגולן,2018-2019,6,15.8
יהודה ושומרון,2018-2019,6,15.8
ים המלח והערבה,2018-2019,6,23.3
כרמל וחיפה,2018-2019,6,17.8
מישור חוף דרומי,2018-2019,6,16.5
מישור חוף צפוני,2018-2019,6,16.1
נגב,2018-2019,6,16.4
עמקי הצפון,2018-2019,6,18.3
גוש דן והשרון,2018-2019,7,21.8
גליל וגולן,2018-2019,7,18.3
יהודה ושומרון,2018-2019,7,16.9
ים המלח והערבה,2018-2019,7,24.5
כרמל וחיפה,2018-2019,7,20.8
מישור חוף דרומי,2018-2019,7,19.4
מישור חוף צפוני,2018-2019,7,17.4
נגב,2018-2019,7,16.8
עמקי הצפון,2018-2019,7,20.0
גוש דן והשרון,2018-2019,8,21.6
גליל וגולן,2018-2019,8,18.4
יהודה ושומרון,2018-2019,8,18.1
ים המלח והערבה,2018-2019,8,24.7
כרמל וחיפה,2018-2019,8,21.5
מישור חוף דרומי,2018-2019,8,19.3
מישור חוף צפוני,2018-2019,8,18.9
נגב,2018-2019,8,17.5
עמקי הצפון,2018-2019,8,21.1
גוש דן והשרון,2019-2020,9,20.2
גליל וגולן,2019-2020,9,16.6
יהודה ושומרון,2019-2020,9,16.1
ים המלח והערבה,2019-2020,9,22.5
כרמל וחיפה,2019-2020,9,19.9
מישור חוף דרומי,2019-2020,9,17.8
מישור חוף צפוני,2019-2020,9,16.9
נגב,2019-2020,9,15.2
עמקי הצפון,2019-2020,9,18.4
גוש דן והשרון,2019-2020,10,16.6
גליל וגולן,2019-2020,10,13.4
יהודה ושומרון,2019-2020,10,13.5
ים המלח והערבה,2019-2020,10,18.0
כרמל וחיפה,2019-2020,10,16.4
מישור חוף דרומי,2019-2020,10,15.8
מישור חוף צפוני,2019-2020,10,14.5
נגב,2019-2020,10,12.8
עמקי הצפון,2019-2020,10,14.8
גוש דן והשרון,2019-2020,11,9.8
גליל וגולן,2019-2020,11,8.8
יהודה ושומרון,2019-2020,11,9.6
ים המלח והערבה,2019-2020,11,11.5
כרמל וחיפה,2019-2020,11,11.1
מישור חוף דרומי,2019-2020,11,9.1
מישור חוף צפוני,2019-2020,11,7.2
נגב,2019-2020,11,7.4
עמקי הצפון,2019-2020,11,6.6
גוש דן והשרון,2019-2020,12,7.0
גליל וגולן,2019-2020,12,5.5
יהודה ושומרון,2019-2020,12,4.8
ים המלח והערבה,2019-2020,12,8.1
כרמל וחיפה,2019-2020,12,8.6
מישור חוף דרומי,2019-2020,12,6.9
מישור חוף צפוני,2019-2020,12,5.0
נגב,2019-2020,12,4.0
עמקי הצפון,2019-2020,12,5.2
גוש דן והשרון,2019-2020,1,5.2
גליל וגולן,2019-2020,1,2.1
יהודה ושומרון,2019-2020,1,2.5
ים המלח והערבה,2019-2020,1,5.6
כרמל וחיפה,2019-2020,1,5.6
מישור חוף דרומי,2019-2020,1,4.4
מישור חוף צפוני,2019-2020,1,5.2
נגב,2019-2020,1,1.6
עמקי הצפון,2019-2020,1,3.5
גוש דן והשרון,2019-2020,2,6.1
גליל וגולן,2019-2020,2,1.4
יהודה ושומרון,2019-2020,2,1.8
ים המלח והערבה,2019-2020,2,7.0
כרמל וחיפה,2019-2020,2,4.3
מישור חוף דרומי,2019-2020,2,5.6
מישור חוף צפוני,2019-2020,2,4.7
נגב,2019-2020,2,3.1
עמקי הצפון,2019-2020,2,3.4
גוש דן והשרון,2019-2020,3,7.8
גליל וגולן,2019-2020,3,4.7
יהודה ושומרון,2019-2020,3,2.9
ים המלח והערבה,2019-2020,3,9.4
כרמל וחיפה,2019-2020,3,6.3
מישור חוף דרומי,2019-2020,3,6.9
מישור חוף צפוני,2019-2020,3,7.0
נגב,2019-2020,3,4.5
עמקי הצפון,2019-2020,3,6.3
גוש דן והשרון,2019-2020,4,10.8
גליל וגולן,2019-2020,4,8.4
יהודה ושומרון,2019-2020,4,7.7
ים המלח והערבה,2019-2020,4,12.8
כרמל וחיפה,2019-2020,4,11.2
מישור חוף דרומי,2019-2020,4,7.9
מישור חוף צפוני,2019-2020,4,9.5
נגב,2019-2020,4,6.0
עמקי הצפון,2019-2020,4,9.6
גוש דן והשרון,2019-2020,5,13.2
גליל וגולן,2019-2020,5,10.4
יהודה ושומרון,2019-2020,5,10.0
ים המלח והערבה,2019-2020,5,16.5
כרמל וחיפה,2019-2020,5,13.3
מישור חוף דרומי,2019-2020,5,10.0
מישור חוף צפוני,2019-2020,5,11.6
נגב,2019-2020,5,9.6
עמקי הצפון,2019-2020,5,12.2
גוש דן והשרון,2019-2020,6,17.1
גליל וגולן,2019-2020,6,13.8
יהודה ושומרון,2019-2020,6,12.9
ים המלח והערבה,2019-2020,6,19.9
כרמל וחיפה,2019-2020,6,16.4
מישור חוף דרומי,2019-2020,6,14.4
מישור חוף צפוני,2019-2020,6,14.1
נגב,2019-2020,6,12.9
עמקי הצפון,2019-2020,6,15.4
גוש דן והשרון,2019-2020,7,20.9
גליל וגולן,2019-2020,7,18.3
יהודה ושומרון,2019-2020,7,16.3
ים המלח והערבה,2019-2020,7,23.7
כרמל וחיפה,2019-2020,7,19.5
מישור חוף דרומי,2019-2020,7,18.5
מישור חוף צפוני,2019-2020,7,19.1
נגב,2019-2020,7,16.7
עמקי הצפון,2019-2020,7,21.1
גוש דן והשרון,2019-2020,8,21.4
גליל וגולן,2019-2020,8,19.3
יהודה ושומרון,2019-2020,8,17.3
ים המלח והערבה,2019-2020,8,23.9
כרמל וחיפה,2019-2020,8,21.5
מישור חוף דרומי,2019-2020,8,19.4
מישור חוף צפוני,2019-2020,8,20.5
נגב,2019-2020,8,16.6
עמקי הצפון,2019-2020,8,22.2
גוש דן והשרון,2020-2021,9,21.8
גליל וגולן,2020-2021,9,19.3
יהודה ושומרון,2020-2021,9,17.6
ים המלח והערבה,2020-2021,9,23.9
כרמל וחיפה,2020-2021,9,21.3
מישור חוף דרומי,2020-2021,9,19.8
מישור חוף צפוני,2020-2021,9,19.5
נגב,2020-2021,9,15.9
עמקי הצפון,2020-2021,9,21.4
גוש דן והשרון,2020-2021,10,19.0
גליל וגולן,2020-2021,10,16.3
יהודה ושומרון,2020-2021,10,15.4
ים המלח והערבה,2020-2021,10,20.9
כרמל וחיפה,2020-2021,10,18.9
מישור חוף דרומי,2020-2021,10,17.9
מישור חוף צפוני,2020-2021,10,16.5
נגב,2020-2021,10,15.2
עמקי הצפון,2020-2021,10,17.0
גוש דן והשרון,2020-2021,11,11.8
גליל וגולן,2020-2021,11,10.3
יהודה ושומרון,2020-2021,11,8.9
ים המלח והערבה,2020-2021,11,12.4
כרמל וחיפה,2020-2021,11,11.9
מישור חוף דרומי,2020-2021,11,11.2
מישור חוף צפוני,2020-2021,11,11.6
נגב,2020-2021,11,7.3
עמקי הצפון,2020-2021,11,11.0
גוש דן והשרון,2020-2021,12,9.3
גליל וגולן,2020-2021,12,7.3
יהודה ושומרון,2020-2021,12,6.3
ים המלח והערבה,2020-2021,12,10.4
כרמל וחיפה,2020-2021,12,9.2
מישור חוף דרומי,2020-2021,12,8.4
מישור חוף צפוני,2020-2021,12,9.0
נגב,2020-2021,12,6.3
עמקי הצפון,2020-2021,12,6.9
גוש דן והשרון,2020-2021,1,5.2
גליל וגולן,2020-2021,1,1.7
יהודה ושומרון,2020-2021,1,3.0
ים המלח והערבה,2020-2021,1,7.5
כרמל וחיפה,2020-2021,1,6.0
מישור חוף דרומי,2020-2021,1,4.2
מישור חוף צפוני,2020-2021,1,4.3
נגב,2020-2021,1,2.0
עמקי הצפון,2020-2021,1,3.0
גוש דן והשרון,2020-2021,2,5.5
גליל וגולן,2020-2021,2,1.6
יהודה ושומרון,2020-2021,2,0.2
ים המלח והערבה,2020-2021,2,7.9
כרמל וחיפה,2020-2021,2,3.4
מישור חוף דרומי,2020-2021,2,3.9
מישור חוף צפוני,2020-2021,2,4.9
נגב,2020-2021,2,2.6
עמקי הצפון,2020-2021,2,3.7
גוש דן והשרון,2020-2021,3,7.3
גליל וגולן,2020-2021,3,4.0
יהודה ושומרון,2020-2021,3,3.8
ים המלח והערבה,2020-2021,3,10.7
כרמל וחיפה,2020-2021,3,7.5
מישור חוף דרומי,2020-2021,3,6.3
מישור חוף צפוני,2020-2021,3,5.9
נגב,2020-2021,3,3.7
עמקי הצפון,2020-2021,3,5.2
גוש דן והשרון,2020-2021,4,9.8
גליל וגולן,2020-2021,4,6.2
יהודה ושומרון,2020-2021,4,5.9
ים המלח והערבה,2020-2021,4,11.6
כרמל וחיפה,2020-2021,4,8.6
מישור חוף דרומי,2020-2021,4,7.4
מישור חוף צפוני,2020-2021,4,7.1
נגב,2020-2021,4,5.0
עמקי הצפון,2020-2021,4,6.9
גוש דן והשרון,2020-2021,5,15.2
גליל וגולן,2020-2021,5,13.0
יהודה ושומרון,2020-2021,5,11.8
ים המלח והערבה,2020-2021,5,18.9
כרמל וחיפה,2020-2021,5,15.2
מישור חוף דרומי,2020-2021,5,13.6
מישור חוף צפוני,2020-2021,5,13.4
נגב,2020-2021,5,11.9
עמקי הצפון,2020-2021,5,14.8
גוש דן והשרון,2020-2021,6,18.1
גליל וגולן,2020-2021,6,14.3
יהודה ושומרון,2020-2021,6,13.4
ים המלח והערבה,2020-2021,6,21.0
כרמל וחיפה,2020-2021,6,17.2
מישור חוף דרומי,2020-2021,6,15.4
מישור חוף צפוני,2020-2021,6,16.0
נגב,2020-2021,6,13.4
עמקי הצפון,2020-2021,6,17.0
גוש דן והשרון,2020-2021,7,22.1
גליל וגולן,2020-2021,7,19.5
יהודה ושומרון,2020-2021,7,17.4
ים המלח והערבה,2020-2021,7,25.2
כרמל וחיפה,2020-2021,7,21.6
מישור חוף דרומי,2020-2021,7,20.3
מישור חוף צפוני,2020-2021,7,20.9
נגב,2020-2021,7,18.2
עמקי הצפון,2020-2021,7,22.2
גוש דן והשרון,2020-2021,8,22.4
גליל וגולן,2020-2021,8,20.1
יהודה ושומרון,2020-2021,8,18.0
ים המלח והערבה,2020-2021,8,25.1
כרמל וחיפה,2020-2021,8,21.6
מישור חוף דרומי,2020-2021,8,20.4
מישור חוף צפוני,2020-2021,8,20.8
נגב,2020-2021,8,16.9
עמקי הצפון,2020-2021,8,22.1
גוש דן והשרון,2021-2022,9,19.2
גליל וגולן,2021-2022,9,16.3
יהודה ושומרון,2021-2022,9,15.7
ים המלח והערבה,2021-2022,9,22.1
כרמל וחיפה,2021-2022,9,18.8
מישור חוף דרומי,2021-2022,9,16.7
מישור חוף צפוני,2021-2022,9,17.7
נגב,2021-2022,9,14.2
עמקי הצפון,2021-2022,9,18.1
גוש דן והשרון,2021-2022,10,16.5
גליל וגולן,2021-2022,10,13.8
יהודה ושומרון,2021-2022,10,13.8
ים המלח והערבה,2021-2022,10,19.2
כרמל וחיפה,2021-2022,10,17.0
מישור חוף דרומי,2021-2022,10,14.8
מישור חוף צפוני,2021-2022,10,14.6
נגב,2021-2022,10,12.0
עמקי הצפון,2021-2022,10,15.4
גוש דן והשרון,2021-2022,11,12.0
גליל וגולן,2021-2022,11,9.6
יהודה ושומרון,2021-2022,11,9.4
ים המלח והערבה,2021-2022,11,12.8
כרמל וחיפה,2021-2022,11,11.6
מישור חוף דרומי,2021-2022,11,11.0
מישור חוף צפוני,2021-2022,11,10.9
נגב,2021-2022,11,8.5
עמקי הצפון,2021-2022,11,10.2
גוש דן והשרון,2021-2022,12,6.8
גליל וגולן,2021-2022,12,5.2
יהודה ושומרון,2021-2022,12,3.1
ים המלח והערבה,2021-2022,12,8.5
כרמל וחיפה,2021-2022,12,7.1
מישור חוף דרומי,2021-2022,12,5.8
מישור חוף צפוני,2021-2022,12,6.9
נגב,2021-2022,12,4.3
עמקי הצפון,2021-2022,12,5.4
גוש דן והשרון,2021-2022,1,3.1
גליל וגולן,2021-2022,1,0.4
יהודה ושומרון,2021-2022,1,-0.3
ים המלח והערבה,2021-2022,1,4.6
כרמל וחיפה,2021-2022,1,2.9
מישור חוף דרומי,2021-2022,1,2.7
מישור חוף צפוני,2021-2022,1,1.8
נגב,2021-2022,1,-1.0
עמקי הצפון,2021-2022,1,0.1
גוש דן והשרון,2021-2022,2,6.1
גליל וגולן,2021-2022,2,4.6
יהודה ושומרון,2021-2022,2,3.6
ים המלח והערבה,2021-2022,2,8.3
כרמל וחיפה,2021-2022,2,6.8
מישור חוף דרומי,2021-2022,2,5.2
מישור חוף צפוני,2021-2022,2,5.6
נגב,2021-2022,2,3.7
עמקי הצפון,2021-2022,2,4.7
גוש דן והשרון,2021-2022,3,4.2
גליל וגולן,2021-2022,3,0.2
יהודה ושומרון,2021-2022,3,0.6
ים המלח והערבה,2021-2022,3,6.0
כרמל וחיפה,2021-2022,3,3.8
מישור חוף דרומי,2021-2022,3,3.2
מישור חוף צפוני,2021-2022,3,3.6
נגב,2021-2022,3,1.0
עמקי הצפון,2021-2022,3,1.1
גוש דן והשרון,2021-2022,4,9.4
גליל וגולן,2021-2022,4,7.7
יהודה ושומרון,2021-2022,4,7.3
ים המלח והערבה,2021-2022,4,13.6
כרמל וחיפה,2021-2022,4,10.3
מישור חוף דרומי,2021-2022,4,7.4
מישור חוף צפוני,2021-2022,4,8.5
נגב,2021-2022,4,6.1
עמקי הצפון,2021-2022,4,8.6
גוש דן והשרון,2021-2022,5,13.4
גליל וגולן,2021-2022,5,11.0
יהודה ושומרון,2021-2022,5,10.2
ים המלח והערבה,2021-2022,5,16.2
כרמל וחיפה,2021-2022,5,12.8
מישור חוף דרומי,2021-2022,5,11.3
מישור חוף צפוני,2021-2022,5,12.3
נגב,2021-2022,5,9.2
עמקי הצפון,2021-2022,5,12.0
גוש דן והשרון,2021-2022,6,17.7
גליל וגולן,2021-2022,6,15.2
יהודה ושומרון,2021-2022,6,14.5
ים המלח והערבה,2021-2022,6,22.6
כרמל וחיפה,2021-2022,6,17.4
מישור חוף דרומי,2021-2022,6,15.9
מישור חוף צפוני,2021-2022,6,15.3
נגב,2021-2022,6,15.3
עמקי הצפון,2021-2022,6,16.9
גוש דן והשרון,2021-2022,7,20.6
גליל וגולן,2021-2022,7,18.1
יהודה ושומרון,2021-2022,7,17.1
ים המלח והערבה,2021-2022,7,23.7
כרמל וחיפה,2021-2022,7,20.3
מישור חוף דרומי,2021-2022,7,18.4
מישור חוף צפוני,2021-2022,7,18.2
נגב,2021-2022,7,16.6
עמקי הצפון,2021-2022,7,19.8
גוש דן והשרון,2021-2022,8,22.6
גליל וגולן,2021-2022,8,19.1
יהודה ושומרון,2021-2022,8,17.8
ים המלח והערבה,2021-2022,8,24.6
כרמל וחיפה,2021-2022,8,21.7
מישור חוף דרומי,2021-2022,8,20.5
מישור חוף צפוני,2021-2022,8,21.4
נגב,2021-2022,8,17.5
עמקי הצפון,2021-2022,8,21.8
גוש דן והשרון,2022-2023,9,20.5
גליל וגולן,2022-2023,9,18.0
יהודה ושומרון,2022-2023,9,16.8
ים המלח והערבה,2022-2023,9,22.6
כרמל וחיפה,2022-2023,9,20.0
מישור חוף דרומי,2022-2023,9,18.6
מישור חוף צפוני,2022-2023,9,18.3
נגב,2022-2023,9,16.5
עמקי הצפון,2022-2023,9,19.0
גוש דן והשרון,2022-2023,10,17.7
גליל וגולן,2022-2023,10,14.9
יהודה ושומרון,2022-2023,10,14.8
ים המלח והערבה,2022-2023,10,19.9
כרמל וחיפה,2022-2023,10,17.4
מישור חוף דרומי,2022-2023,10,15.9
מישור חוף צפוני,2022-2023,10,16.1
נגב,2022-2023,10,13.5
עמקי הצפון,2022-2023,10,16.6
גוש דן והשרון,2022-2023,11,13.1
גליל וגולן,2022-2023,11,10.4
יהודה ושומרון,2022-2023,11,9.7
ים המלח והערבה,2022-2023,11,13.6
כרמל וחיפה,2022-2023,11,11.6
מישור חוף דרומי,2022-2023,11,11.4
מישור חוף צפוני,2022-2023,11,12.2
נגב,2022-2023,11,8.4
עמקי הצפון,2022-2023,11,11.7
גוש דן והשרון,2022-2023,12,9.0
גליל וגולן,2022-2023,12,7.6
יהודה ושומרון,2022-2023,12,6.4
ים המלח והערבה,2022-2023,12,10.0
כרמל וחיפה,2022-2023,12,9.4
מישור חוף דרומי,2022-2023,12,8.1
מישור חוף צפוני,2022-2023,12,8.8
נגב,2022-2023,12,5.7
עמקי הצפון,2022-2023,12,7.0
גוש דן והשרון,2022-2023,1,7.8
גליל וגולן,2022-2023,1,6.5
יהודה ושומרון,2022-2023,1,5.2
ים המלח והערבה,2022-2023,1,9.2
כרמל וחיפה,2022-2023,1,8.3
מישור חוף דרומי,2022-2023,1,6.8
מישור חוף צפוני,2022-2023,1,5.9
נגב,2022-2023,1,4.4
עמקי הצפון,2022-2023,1,5.9
גוש דן והשרון,2022-2023,2,5.5
גליל וגולן,2022-2023,2,2.5
יהודה ושומרון,2022-2023,2,2.1
ים המלח והערבה,2022-2023,2,7.1
כרמל וחיפה,2022-2023,2,6.0
מישור חוף דרומי,2022-2023,2,4.0
מישור חוף צפוני,2022-2023,2,3.9
נגב,2022-2023,2,2.0
עמקי הצפון,2022-2023,2,3.6
גוש דן והשרון,2022-2023,3,8.7
גליל וגולן,2022-2023,3,6.1
יהודה ושומרון,2022-2023,3,5.0
ים המלח והערבה,2022-2023,3,10.7
כרמל וחיפה,2022-2023,3,8.2
מישור חוף דרומי,2022-2023,3,6.8
מישור חוף צפוני,2022-2023,3,7.7
נגב,2022-2023,3,5.3
עמקי הצפון,2022-2023,3,7.3
גוש דן והשרון,2022-2023,4,9.7
גליל וגולן,2022-2023,4,5.4
יהודה ושומרון,2022-2023,4,5.4
ים המלח והערבה,2022-2023,4,12.3
כרמל וחיפה,2022-2023,4,9.0
מישור חוף דרומי,2022-2023,4,7.6
מישור חוף צפוני,2022-2023,4,8.2
נגב,2022-2023,4,6.3
עמקי הצפון,2022-2023,4,6.3
גוש דן והשרון,2022-2023,5,13.0
גליל וגולן,2022-2023,5,8.4
יהודה ושומרון,2022-2023,5,8.6
ים המלח והערבה,2022-2023,5,14.9
כרמל וחיפה,2022-2023,5,12.5
מישור חוף דרומי,2022-2023,5,10.9
מישור חוף צפוני,2022-2023,5,10.6
נגב,2022-2023,5,8.1
עמקי הצפון,2022-2023,5,10.5
גוש דן והשרון,2022-2023,6,18.1
גליל וגולן,2022-2023,6,13.8
יהודה ושומרון,2022-2023,6,13.9
ים המלח והערבה,2022-2023,6,21.3
כרמל וחיפה,2022-2023,6,17.3
מישור חוף דרומי,2022-2023,6,15.5
מישור חוף צפוני,2022-2023,6,15.4
נגב,2022-2023,6,13.8
עמקי הצפון,2022-2023,6,16.1
גוש דן והשרון,2022-2023,7,21.3
גליל וגולן,2022-2023,7,18.5
יהודה ושומרון,2022-2023,7,16.7
ים המלח והערבה,2022-2023,7,23.9
כרמל וחיפה,2022-2023,7,20.2
מישור חוף דרומי,2022-2023,7,18.6
מישור חוף צפוני,2022-2023,7,19.0
נגב,2022-2023,7,17.1
עמקי הצפון,2022-2023,7,20.8
גוש דן והשרון,2022-2023,8,22.4
גליל וגולן,2022-2023,8,18.0
יהודה ושומרון,2022-2023,8,18.4
ים המלח והערבה,2022-2023,8,24.8
כרמל וחיפה,2022-2023,8,22.0
מישור חוף דרומי,2022-2023,8,20.2
מישור חוף צפוני,2022-2023,8,21.2
נגב,2022-2023,8,18.0
עמקי הצפון,2022-2023,8,22.2
גוש דן והשרון,2023-2024,9,21.1
גליל וגולן,2023-2024,9,16.7
יהודה ושומרון,2023-2024,9,17.1
ים המלח והערבה,2023-2024,9,23.7
כרמל וחיפה,2023-2024,9,21.1
מישור חוף דרומי,2023-2024,9,18.5
מישור חוף צפוני,2023-2024,9,18.5
נגב,2023-2024,9,15.8
עמקי הצפון,2023-2024,9,19.8
גוש דן והשרון,2023-2024,10,17.8
גליל וגולן,2023-2024,10,15.4
יהודה ושומרון,2023-2024,10,14.9
ים המלח והערבה,2023-2024,10,20.5
כרמל וחיפה,2023-2024,10,18.0
מישור חוף דרומי,2023-2024,10,16.5
מישור חוף צפוני,2023-2024,10,15.9
נגב,2023-2024,10,13.9
עמקי הצפון,2023-2024,10,17.0
גוש דן והשרון,2023-2024,11,11.9
גליל וגולן,2023-2024,11,10.4
יהודה ושומרון,2023-2024,11,9.2
ים המלח והערבה,2023-2024,11,14.1
כרמל וחיפה,2023-2024,11,11.9
מישור חוף דרומי,2023-2024,11,9.1
מישור חוף צפוני,2023-2024,11,10.5
נגב,2023-2024,11,8.0
עמקי הצפון,2023-2024,11,10.5
גוש דן והשרון,2023-2024,12,10.7
גליל וגולן,2023-2024,12,8.1
יהודה ושומרון,2023-2024,12,8.2
ים המלח והערבה,2023-2024,12,13.3
כרמל וחיפה,2023-2024,12,10.1
מישור חוף דרומי,2023-2024,12,9.1
מישור חוף צפוני,2023-2024,12,9.1
נגב,2023-2024,12,7.7
עמקי הצפון,2023-2024,12,8.8
גוש דן והשרון,2023-2024,1,7.8
גליל וגולן,2023-2024,1,5.2
יהודה ושומרון,2023-2024,1,3.5
ים המלח והערבה,2023-2024,1,8.3
כרמל וחיפה,2023-2024,1,6.5
מישור חוף דרומי,2023-2024,1,7.2
מישור חוף צפוני,2023-2024,1,7.5
נגב,2023-2024,1,3.5
עמקי הצפון,2023-2024,1,6.8
גוש דן והשרון,2023-2024,2,7.2
גליל וגולן,2023-2024,2,4.4
יהודה ושומרון,2023-2024,2,3.2
ים המלח והערבה,2023-2024,2,7.2
כרמל וחיפה,2023-2024,2,5.3
מישור חוף דרומי,2023-2024,2,7.2
מישור חוף צפוני,2023-2024,2,6.7
נגב,2023-2024,2,2.7
עמקי הצפון,2023-2024,2,5.1
גוש דן והשרון,2023-2024,3,9.4
גליל וגולן,2023-2024,3,7.4
יהודה ושומרון,2023-2024,3,6.2
ים המלח והערבה,2023-2024,3,11.3
כרמל וחיפה,2023-2024,3,9.1
מישור חוף דרומי,2023-2024,3,6.5
מישור חוף צפוני,2023-2024,3,8.0
נגב,2023-2024,3,5.4
עמקי הצפון,2023-2024,3,7.6
גוש דן והשרון,2023-2024,4,13.1
גליל וגולן,2023-2024,4,11.1
יהודה ושומרון,2023-2024,4,9.8
ים המלח והערבה,2023-2024,4,14.6
כרמל וחיפה,2023-2024,4,11.6
מישור חוף דרומי,2023-2024,4,11.4
מישור חוף צפוני,2023-2024,4,10.1
נגב,2023-2024,4,8.8
עמקי הצפון,2023-2024,4,12.1
גוש דן והשרון,2023-2024,5,13.8
גליל וגולן,2023-2024,5,12.2
יהודה ושומרון,2023-2024,5,11.2
ים המלח והערבה,2023-2024,5,16.3
כרמל וחיפה,2023-2024,5,14.3
מישור חוף דרומי,2023-2024,5,11.9
מישור חוף צפוני,2023-2024,5,13.0
נגב,2023-2024,5,9.2
עמקי הצפון,2023-2024,5,12.8
גוש דן והשרון,2023-2024,6,17.6
גליל וגולן,2023-2024,6,15.7
יהודה ושומרון,2023-2024,6,16.6
ים המלח והערבה,2023-2024,6,20.8
כרמל וחיפה,2023-2024,6,16.6
מישור חוף דרומי,2023-2024,6,15.2
מישור חוף צפוני,2023-2024,6,15.1
נגב,2023-2024,6,14.7
עמקי הצפון,2023-2024,6,16.5
גוש דן והשרון,2023-2024,7,22.6
גליל וגולן,2023-2024,7,20.4
יהודה ושומרון,2023-2024,7,18.5
ים המלח והערבה,2023-2024,7,24.8
כרמל וחיפה,2023-2024,7,21.6
מישור חוף דרומי,2023-2024,7,20.3
מישור חוף צפוני,2023-2024,7,20.4
נגב,2023-2024,7,18.8
עמקי הצפון,2023-2024,7,22.0
גוש דן והשרון,2023-2024,8,23.5
גליל וגולן,2023-2024,8,21.0
יהודה ושומרון,2023-2024,8,18.5
ים המלח והערבה,2023-2024,8,25.5
כרמל וחיפה,2023-2024,8,22.6
מישור חוף דרומי,2023-2024,8,21.3
מישור חוף צפוני,2023-2024,8,22.1
נגב,2023-2024,8,17.3
עמקי הצפון,2023-2024,8,23.4
גוש דן והשרון,2024-2025,9,21.4
גליל וגולן,2024-2025,9,18.7
יהודה ושומרון,2024-2025,9,16.9
ים המלח והערבה,2024-2025,9,22.9
כרמל וחיפה,2024-2025,9,19.9
מישור חוף דרומי,2024-2025,9,19.2
מישור חוף צפוני,2024-2025,9,19.2
נגב,2024-2025,9,15.9
עמקי הצפון,2024-2025,9,19.9
גוש דן והשרון,2024-2025,10,13.4
גליל וגולן,2024-2025,10,13.6
יהודה ושומרון,2024-2025,10,12.1
ים המלח והערבה,2024-2025,10,16.1
כרמל וחיפה,2024-2025,10,15.7
מישור חוף דרומי,2024-2025,10,11.5
מישור חוף צפוני,2024-2025,10,10.6
נגב,2024-2025,10,10.2
עמקי הצפון,2024-2025,10,11.5
גוש דן והשרון,2024-2025,11,9.4
גליל וגולן,2024-2025,11,6.5
יהודה ושומרון,2024-2025,11,5.5
ים המלח והערבה,2024-2025,11,9.2
כרמל וחיפה,2024-2025,11,8.3
מישור חוף דרומי,2024-2025,11,7.9
מישור חוף צפוני,2024-2025,11,7.4
נגב,2024-2025,11,4.0
עמקי הצפון,2024-2025,11,5.7
גוש דן והשרון,2024-2025,12,8.1
גליל וגולן,2024-2025,12,6.5
יהודה ושומרון,2024-2025,12,5.5
ים המלח והערבה,2024-2025,12,8.2
כרמל וחיפה,2024-2025,12,7.3
מישור חוף דרומי,2024-2025,12,6.2
מישור חוף צפוני,2024-2025,12,6.8
נגב,2024-2025,12,4.0
עמקי הצפון,2024-2025,12,5.2
גוש דן והשרון,2024-2025,1,7.1
גליל וגולן,2024-2025,1,5.8
יהודה ושומרון,2024-2025,1,5.6
ים המלח והערבה,2024-2025,1,7.7
כרמל וחיפה,2024-2025,1,8.4
מישור חוף דרומי,2024-2025,1,5.9
מישור חוף צפוני,2024-2025,1,6.4
נגב,2024-2025,1,3.4
עמקי הצפון,2024-2025,1,4.6
גוש דן והשרון,2024-2025,2,2.8
גליל וגולן,2024-2025,2,-0.2
יהודה ושומרון,2024-2025,2,0.0
ים המלח והערבה,2024-2025,2,4.3
כרמל וחיפה,2024-2025,2,2.0
מישור חוף דרומי,2024-2025,2,1.4
מישור חוף צפוני,2024-2025,2,3.0
נגב,2024-2025,2,-0.4
עמקי הצפון,2024-2025,2,0.1
גוש דן והשרון,2024-2025,3,8.8
גליל וגולן,2024-2025,3,4.3
יהודה ושומרון,2024-2025,3,3.7
ים המלח והערבה,2024-2025,3,9.6
כרמל וחיפה,2024-2025,3,5.5
מישור חוף דרומי,2024-2025,3,6.8
מישור חוף צפוני,2024-2025,3,6.0
נגב,2024-2025,3,4.3
עמקי הצפון,2024-2025,3,5.8
גוש דן והשרון,2024-2025,4,11.2
גליל וגולן,2024-2025,4,7.4
יהודה ושומרון,2024-2025,4,7.7
ים המלח והערבה,2024-2025,4,12.6
כרמל וחיפה,2024-2025,4,10.4
מישור חוף דרומי,2024-2025,4,9.3
מישור חוף צפוני,2024-2025,4,9.0
נגב,2024-2025,4,7.0
עמקי הצפון,2024-2025,4,8.4
גוש דן והשרון,2024-2025,5,14.2
גליל וגולן,2024-2025,5,11.6
יהודה ושומרון,2024-2025,5,10.9
ים המלח והערבה,2024-2025,5,16.9
כרמל וחיפה,2024-2025,5,14.1
מישור חוף דרומי,2024-2025,5,11.7
מישור חוף צפוני,2024-2025,5,11.1
נגב,2024-2025,5,11.4
עמקי הצפון,2024-2025,5,12.3
גוש דן והשרון,2024-2025,6,19.4
גליל וגולן,2024-2025,6,15.9
יהודה ושומרון,2024-2025,6,14.8
ים המלח והערבה,2024-2025,6,21.1
כרמל וחיפה,2024-2025,6,17.4
מישור חוף דרומי,2024-2025,6,16.4
מישור חוף צפוני,2024-2025,6,15.1
נגב,2024-2025,6,14.3
עמקי הצפון,2024-2025,6,18.4
גוש דן והשרון,2024-2025,7,21.8
גליל וגולן,2024-2025,7,19.1
יהודה ושומרון,2024-2025,7,17.3
ים המלח והערבה,2024-2025,7,24.8
כרמל וחיפה,2024-2025,7,20.7
מישור חוף דרומי,2024-2025,7,20.0
מישור חוף צפוני,2024-2025,7,19.0
נגב,2024-2025,7,17.1
עמקי הצפון,2024-2025,7,21.0
גוש דן והשרון,2024-2025,8,23.2
גליל וגולן,2024-2025,8,19.5
יהודה ושומרון,2024-2025,8,18.6
ים המלח והערבה,2024-2025,8,24.6
כרמל וחיפה,2024-2025,8,21.4
מישור חוף דרומי,2024-2025,8,20.5
מישור חוף צפוני,2024-2025,8,20.4
נגב,2024-2025,8,17.6
עמקי הצפון,2024-2025,8,21.2
גוש דן והשרון,2025-2026,9,21.2
גליל וגולן,2025-2026,9,17.9
יהודה ושומרון,2025-2026,9,16.8
ים המלח והערבה,2025-2026,9,22.6
כרמל וחיפה,2025-2026,9,19.8
מישור חוף דרומי,2025-2026,9,19.0
מישור חוף צפוני,2025-2026,9,17.4
נגב,2025-2026,9,15.6
עמקי הצפון,2025-2026,9,19.1
גוש דן והשרון,2025-2026,10,17.1
גליל וגולן,2025-2026,10,14.6
יהודה ושומרון,2025-2026,10,14.1
ים המלח והערבה,2025-2026,10,18.9
כרמל וחיפה,2025-2026,10,17.3
מישור חוף דרומי,2025-2026,10,15.0
מישור חוף צפוני,2025-2026,10,13.6
נגב,2025-2026,10,12.8
עמקי הצפון,2025-2026,10,15.7
גוש דן והשרון,2025-2026,11,13.9
גליל וגולן,2025-2026,11,11.6
יהודה ושומרון,2025-2026,11,10.9
ים המלח והערבה,2025-2026,11,14.5
כרמל וחיפה,2025-2026,11,12.8
מישור חוף דרומי,2025-2026,11,11.8
מישור חוף צפוני,2025-2026,11,12.3
נגב,2025-2026,11,9.6
עמקי הצפון,2025-2026,11,11.5
גוש דן והשרון,2025-2026,12,7.6
גליל וגולן,2025-2026,12,5.9
יהודה ושומרון,2025-2026,12,5.2
ים המלח והערבה,2025-2026,12,7.2
כרמל וחיפה,2025-2026,12,7.7
מישור חוף דרומי,2025-2026,12,6.3
מישור חוף צפוני,2025-2026,12,6.2
נגב,2025-2026,12,3.9
עמקי הצפון,2025-2026,12,5.5
גוש דן והשרון,2025-2026,1,6.7
גליל וגולן,2025-2026,1,2.9
יהודה ושומרון,2025-2026,1,3.5
ים המלח והערבה,2025-2026,1,7.5
כרמל וחיפה,2025-2026,1,5.8
מישור חוף דרומי,2025-2026,1,5.7
מישור חוף צפוני,2025-2026,1,3.7
נגב,2025-2026,1,4.0
עמקי הצפון,2025-2026,1,3.0
גוש דן והשרון,2025-2026,2,9.6
גליל וגולן,2025-2026,2,6.4
יהודה ושומרון,2025-2026,2,6.5
ים המלח והערבה,2025-2026,2,10.9
כרמל וחיפה,2025-2026,2,8.6
מישור חוף דרומי,2025-2026,2,7.3
מישור חוף צפוני,2025-2026,2,7.6
נגב,2025-2026,2,5.2
עמקי הצפון,2025-2026,2,6.9
